order_id,customer_id,order_date,order_amount_rub,product_category,utm_source,utm_medium,utm_campaign
ORD_20240301_0,CUST_970,2024-03-01,102926.42,Heating Systems,facebook,paid_social,facebook_campaign
ORD_20240301_1,CUST_655,2024-03-01,42028.02,Heating Systems,google,cpc,google_campaign
ORD_20240301_2,CUST_932,2024-03-01,103562.38,Solar Panels,google,cpc,google_campaign
ORD_20240301_3,CUST_330,2024-03-01,19335.62,Smart Home,yandex,cpc,yandex_campaign
ORD_20240301_4,CUST_454,2024-03-01,82913.55,Heating Systems,google,cpc,google_campaign
ORD_20240301_5,CUST_132,2024-03-01,84350.68,Smart Home,facebook,paid_social,facebook_campaign
ORD_20240301_6,CUST_931,2024-03-01,58224.06,Solar Panels,facebook,paid_social,facebook_campaign
ORD_20240301_7,CUST_228,2024-03-01,30675.28,Heating Systems,organic,,
ORD_20240301_8,CUST_227,2024-03-01,80155.69,Heating Systems,google,cpc,google_campaign
ORD_20240301_9,CUST_587,2024-03-01,149832.5,Heating Systems,organic,,
ORD_20240301_10,CUST_182,2024-03-01,90079.45,Smart Home,google,cpc,google_campaign
ORD_20240301_11,CUST_734,2024-03-01,124023.73,Solar Panels,yandex,cpc,yandex_campaign
ORD_20240301_12,CUST_893,2024-03-01,46791.55,Solar Panels,yandex,cpc,yandex_campaign
ORD_20240301_13,CUST_757,2024-03-01,117106.55,Heating Systems,yandex,cpc,yandex_campaign
ORD_20240308_0,CUST_987,2024-03-08,130045.16,Heating Systems,facebook,paid_social,facebook_campaign
ORD_20240308_1,CUST_327,2024-03-08,44417.66,Smart Home,yandex,cpc,yandex_campaign
ORD_20240308_2,CUST_461,2024-03-08,105442.57,Smart Home,direct,,
ORD_20240308_3,CUST_246,2024-03-08,129163.53,Heating Systems,google,cpc,google_campaign
ORD_20240308_4,CUST_275,2024-03-08,124420.52,Heating Systems,facebook,paid_social,facebook_campaign
ORD_20240308_5,CUST_704,2024-03-08,114921.08,Heating Systems,yandex,cpc,yandex_campaign
ORD_20240308_6,CUST_831,2024-03-08,41684.96,Solar Panels,yandex,cpc,yandex_campaign
ORD_20240308_7,CUST_454,2024-03-08,136477.64,Heating Systems,direct,,
ORD_20240308_8,CUST_267,2024-03-08,146721.4,Solar Panels,google,cpc,google_campaign
ORD_20240308_9,CUST_679,2024-03-08,67153.94,Heating Systems,yandex,cpc,yandex_campaign
ORD_20240308_10,CUST_148,2024-03-08,108323.8,Heating Systems,facebook,paid_social,facebook_campaign
ORD_20240308_11,CUST_713,2024-03-08,136810.94,Smart Home,direct,,
ORD_20240315_0,CUST_448,2024-03-15,54954.53,Heating Systems,google,cpc,google_campaign
ORD_20240315_1,CUST_531,2024-03-15,110663.05,Solar Panels,yandex,cpc,yandex_campaign
ORD_20240315_2,CUST_749,2024-03-15,144026.14,Smart Home,google,cpc,google_campaign
ORD_20240315_3,CUST_938,2024-03-15,11292.52,Heating Systems,organic,,
ORD_20240315_4,CUST_658,2024-03-15,20216.18,Smart Home,organic,,
ORD_20240322_0,CUST_245,2024-03-22,62165.72,Smart Home,google,cpc,google_campaign
ORD_20240322_1,CUST_163,2024-03-22,31459.07,Heating Systems,direct,,
ORD_20240322_2,CUST_680,2024-03-22,99800.93,Heating Systems,google,cpc,google_campaign
ORD_20240322_3,CUST_483,2024-03-22,39196.23,Smart Home,facebook,paid_social,facebook_campaign
ORD_20240322_4,CUST_233,2024-03-22,60395.05,Heating Systems,yandex,cpc,yandex_campaign
ORD_20240322_5,CUST_993,2024-03-22,79024.69,Heating Systems,facebook,paid_social,facebook_campaign
ORD_20240322_6,CUST_698,2024-03-22,102552.13,Smart Home,facebook,paid_social,facebook_campaign
ORD_20240322_7,CUST_271,2024-03-22,5271.55,Smart Home,direct,,
ORD_20240329_0,CUST_597,2024-03-29,73183.41,Heating Systems,google,cpc,google_campaign
ORD_20240329_1,CUST_151,2024-03-29,98203.49,Solar Panels,google,cpc,google_campaign
ORD_20240329_2,CUST_795,2024-03-29,114971.59,Smart Home,yandex,cpc,yandex_campaign
ORD_20240329_3,CUST_344,2024-03-29,121620.76,Smart Home,google,cpc,google_campaign
ORD_20240329_4,CUST_386,2024-03-29,13482.68,Heating Systems,yandex,cpc,yandex_campaign
ORD_20240329_5,CUST_577,2024-03-29,100751.23,Solar Panels,facebook,paid_social,facebook_campaign
ORD_20240329_6,CUST_251,2024-03-29,119591.0,Solar Panels,yandex,cpc,yandex_campaign
ORD_20240329_7,CUST_232,2024-03-29,95882.66,Smart Home,facebook,paid_social,facebook_campaign
ORD_20240329_8,CUST_143,2024-03-29,32091.0,Heating Systems,google,cpc,google_campaign
ORD_20240329_9,CUST_852,2024-03-29,130854.75,Solar Panels,google,cpc,google_campaign
ORD_20240405_0,CUST_697,2024-04-05,66134.86,Heating Systems,direct,,
ORD_20240405_1,CUST_846,2024-04-05,49329.83,Heating Systems,organic,,
ORD_20240405_2,CUST_783,2024-04-05,124123.36,Solar Panels,google,cpc,google_campaign
ORD_20240405_3,CUST_343,2024-04-05,145116.18,Solar Panels,direct,,
ORD_20240405_4,CUST_392,2024-04-05,56677.06,Solar Panels,yandex,cpc,yandex_campaign
ORD_20240405_5,CUST_265,2024-04-05,49429.69,Smart Home,yandex,cpc,yandex_campaign
ORD_20240405_6,CUST_970,2024-04-05,83571.14,Heating Systems,yandex,cpc,yandex_campaign
ORD_20240405_7,CUST_666,2024-04-05,136131.38,Heating Systems,direct,,
ORD_20240405_8,CUST_140,2024-04-05,96575.26,Heating Systems,google,cpc,google_campaign
ORD_20240412_0,CUST_791,2024-04-12,33868.98,Heating Systems,yandex,cpc,yandex_campaign
ORD_20240412_1,CUST_500,2024-04-12,105953.44,Solar Panels,direct,,
ORD_20240412_2,CUST_237,2024-04-12,131270.73,Solar Panels,organic,,
ORD_20240412_3,CUST_886,2024-04-12,45253.81,Smart Home,yandex,cpc,yandex_campaign
ORD_20240412_4,CUST_762,2024-04-12,128255.78,Solar Panels,google,cpc,google_campaign
ORD_20240412_5,CUST_641,2024-04-12,8576.23,Heating Systems,yandex,cpc,yandex_campaign
ORD_20240412_6,CUST_443,2024-04-12,39354.54,Solar Panels,yandex,cpc,yandex_campaign
ORD_20240412_7,CUST_687,2024-04-12,144530.32,Solar Panels,yandex,cpc,yandex_campaign
ORD_20240412_8,CUST_401,2024-04-12,26500.97,Solar Panels,yandex,cpc,yandex_campaign
ORD_20240412_9,CUST_360,2024-04-12,102764.3,Heating Systems,yandex,cpc,yandex_campaign
ORD_20240419_0,CUST_490,2024-04-19,110680.95,Smart Home,google,cpc,google_campaign
ORD_20240419_1,CUST_466,2024-04-19,131120.88,Heating Systems,yandex,cpc,yandex_campaign
ORD_20240419_2,CUST_831,2024-04-19,11800.24,Heating Systems,google,cpc,google_campaign
ORD_20240419_3,CUST_471,2024-04-19,9988.53,Heating Systems,google,cpc,google_campaign
ORD_20240419_4,CUST_299,2024-04-19,31708.5,Smart Home,yandex,cpc,yandex_campaign
ORD_20240426_0,CUST_438,2024-04-26,32082.71,Heating Systems,organic,,
ORD_20240426_1,CUST_897,2024-04-26,67695.45,Heating Systems,organic,,
ORD_20240426_2,CUST_556,2024-04-26,24957.65,Smart Home,yandex,cpc,yandex_campaign
ORD_20240426_3,CUST_890,2024-04-26,140184.32,Heating Systems,facebook,paid_social,facebook_campaign
ORD_20240426_4,CUST_368,2024-04-26,135713.38,Heating Systems,facebook,paid_social,facebook_campaign
ORD_20240426_5,CUST_732,2024-04-26,95063.17,Solar Panels,facebook,paid_social,facebook_campaign
ORD_20240426_6,CUST_464,2024-04-26,143748.82,Solar Panels,facebook,paid_social,facebook_campaign
ORD_20240426_7,CUST_854,2024-04-26,113386.48,Heating Systems,yandex,cpc,yandex_campaign
ORD_20240426_8,CUST_843,2024-04-26,124452.53,Smart Home,yandex,cpc,yandex_campaign
ORD_20240426_9,CUST_925,2024-04-26,99590.21,Solar Panels,google,cpc,google_campaign
ORD_20240503_0,CUST_691,2024-05-03,50408.37,Heating Systems,facebook,paid_social,facebook_campaign
ORD_20240503_1,CUST_411,2024-05-03,103309.28,Solar Panels,yandex,cpc,yandex_campaign
ORD_20240503_2,CUST_274,2024-05-03,43043.59,Heating Systems,direct,,
ORD_20240503_3,CUST_270,2024-05-03,7904.99,Solar Panels,organic,,
ORD_20240503_4,CUST_739,2024-05-03,113381.93,Solar Panels,yandex,cpc,yandex_campaign
ORD_20240503_5,CUST_417,2024-05-03,19341.14,Smart Home,facebook,paid_social,facebook_campaign
ORD_20240503_6,CUST_346,2024-05-03,68407.92,Heating Systems,google,cpc,google_campaign
ORD_20240503_7,CUST_653,2024-05-03,54159.14,Solar Panels,yandex,cpc,yandex_campaign
ORD_20240503_8,CUST_327,2024-05-03,52722.28,Heating Systems,organic,,
ORD_20240503_9,CUST_140,2024-05-03,99478.94,Heating Systems,yandex,cpc,yandex_campaign
ORD_20240503_10,CUST_400,2024-05-03,50130.56,Heating Systems,yandex,cpc,yandex_campaign
ORD_20240510_0,CUST_576,2024-05-10,112860.47,Solar Panels,google,cpc,google_campaign
ORD_20240510_1,CUST_617,2024-05-10,56700.65,Smart Home,organic,,
ORD_20240510_2,CUST_267,2024-05-10,49721.06,Heating Systems,yandex,cpc,yandex_campaign
ORD_20240510_3,CUST_368,2024-05-10,83292.49,Solar Panels,direct,,
ORD_20240510_4,CUST_949,2024-05-10,101710.58,Heating Systems,yandex,cpc,yandex_campaign
ORD_20240517_0,CUST_770,2024-05-17,24071.16,Heating Systems,facebook,paid_social,facebook_campaign
ORD_20240517_1,CUST_746,2024-05-17,119699.33,Smart Home,google,cpc,google_campaign
ORD_20240517_2,CUST_968,2024-05-17,63881.06,Heating Systems,google,cpc,google_campaign
ORD_20240517_3,CUST_679,2024-05-17,134897.36,Solar Panels,yandex,cpc,yandex_campaign
ORD_20240517_4,CUST_605,2024-05-17,122798.36,Solar Panels,facebook,paid_social,facebook_campaign
ORD_20240517_5,CUST_541,2024-05-17,40836.04,Smart Home,yandex,cpc,yandex_campaign
ORD_20240517_6,CUST_276,2024-05-17,71396.86,Smart Home,yandex,cpc,yandex_campaign
ORD_20240517_7,CUST_378,2024-05-17,145639.21,Solar Panels,direct,,
ORD_20240517_8,CUST_404,2024-05-17,17152.22,Heating Systems,organic,,
ORD_20240524_0,CUST_862,2024-05-24,69664.96,Smart Home,google,cpc,google_campaign
ORD_20240524_1,CUST_543,2024-05-24,31848.93,Smart Home,direct,,
ORD_20240524_2,CUST_549,2024-05-24,14254.78,Smart Home,facebook,paid_social,facebook_campaign
ORD_20240524_3,CUST_260,2024-05-24,141014.08,Smart Home,yandex,cpc,yandex_campaign
ORD_20240524_4,CUST_500,2024-05-24,74754.74,Smart Home,yandex,cpc,yandex_campaign
ORD_20240524_5,CUST_111,2024-05-24,148269.85,Smart Home,facebook,paid_social,facebook_campaign
ORD_20240524_6,CUST_391,2024-05-24,73212.68,Heating Systems,facebook,paid_social,facebook_campaign
ORD_20240524_7,CUST_197,2024-05-24,99111.45,Smart Home,yandex,cpc,yandex_campaign
ORD_20240524_8,CUST_278,2024-05-24,126852.42,Solar Panels,direct,,
ORD_20240524_9,CUST_263,2024-05-24,10390.42,Solar Panels,facebook,paid_social,facebook_campaign
ORD_20240524_10,CUST_392,2024-05-24,71618.62,Solar Panels,google,cpc,google_campaign
ORD_20240524_11,CUST_424,2024-05-24,132453.88,Smart Home,yandex,cpc,yandex_campaign
ORD_20240524_12,CUST_880,2024-05-24,36918.77,Heating Systems,yandex,cpc,yandex_campaign
ORD_20240524_13,CUST_158,2024-05-24,131115.09,Solar Panels,google,cpc,google_campaign
ORD_20240531_0,CUST_997,2024-05-31,34722.09,Heating Systems,yandex,cpc,yandex_campaign
ORD_20240531_1,CUST_505,2024-05-31,34562.36,Smart Home,yandex,cpc,yandex_campaign
ORD_20240531_2,CUST_568,2024-05-31,61743.26,Solar Panels,google,cpc,google_campaign
ORD_20240531_3,CUST_981,2024-05-31,47810.82,Heating Systems,yandex,cpc,yandex_campaign
ORD_20240531_4,CUST_646,2024-05-31,110778.95,Solar Panels,yandex,cpc,yandex_campaign
ORD_20240531_5,CUST_297,2024-05-31,6168.45,Smart Home,organic,,
ORD_20240531_6,CUST_433,2024-05-31,71063.56,Heating Systems,yandex,cpc,yandex_campaign
ORD_20240531_7,CUST_131,2024-05-31,5523.88,Smart Home,google,cpc,google_campaign
ORD_20240531_8,CUST_944,2024-05-31,65998.92,Smart Home,yandex,cpc,yandex_campaign
ORD_20240531_9,CUST_750,2024-05-31,21269.2,Solar Panels,facebook,paid_social,facebook_campaign
ORD_20240531_10,CUST_854,2024-05-31,8986.47,Heating Systems,google,cpc,google_campaign
ORD_20240531_11,CUST_433,2024-05-31,51674.24,Solar Panels,yandex,cpc,yandex_campaign
ORD_20240531_12,CUST_751,2024-05-31,127298.86,Solar Panels,google,cpc,google_campaign
ORD_20240531_13,CUST_273,2024-05-31,72516.63,Smart Home,yandex,cpc,yandex_campaign
ORD_20240607_0,CUST_891,2024-06-07,78019.36,Solar Panels,yandex,cpc,yandex_campaign
ORD_20240607_1,CUST_775,2024-06-07,87978.83,Heating Systems,google,cpc,google_campaign
ORD_20240607_2,CUST_683,2024-06-07,9978.16,Smart Home,direct,,
ORD_20240607_3,CUST_689,2024-06-07,89047.72,Solar Panels,facebook,paid_social,facebook_campaign
ORD_20240607_4,CUST_354,2024-06-07,45518.1,Smart Home,organic,,
ORD_20240607_5,CUST_428,2024-06-07,129133.82,Solar Panels,google,cpc,google_campaign
ORD_20240607_6,CUST_396,2024-06-07,69587.88,Solar Panels,facebook,paid_social,facebook_campaign
ORD_20240607_7,CUST_276,2024-06-07,139521.18,Heating Systems,google,cpc,google_campaign
ORD_20240607_8,CUST_227,2024-06-07,106905.18,Smart Home,direct,,
ORD_20240607_9,CUST_423,2024-06-07,98804.61,Heating Systems,yandex,cpc,yandex_campaign
ORD_20240607_10,CUST_353,2024-06-07,120470.14,Heating Systems,organic,,
ORD_20240607_11,CUST_821,2024-06-07,128922.25,Smart Home,yandex,cpc,yandex_campaign
ORD_20240607_12,CUST_833,2024-06-07,78781.92,Smart Home,facebook,paid_social,facebook_campaign
ORD_20240614_0,CUST_908,2024-06-14,42314.59,Smart Home,organic,,
ORD_20240614_1,CUST_557,2024-06-14,23731.67,Heating Systems,organic,,
ORD_20240614_2,CUST_522,2024-06-14,129897.59,Heating Systems,facebook,paid_social,facebook_campaign
ORD_20240614_3,CUST_675,2024-06-14,84421.93,Heating Systems,direct,,
ORD_20240614_4,CUST_839,2024-06-14,24017.65,Smart Home,organic,,
ORD_20240614_5,CUST_906,2024-06-14,32121.19,Solar Panels,yandex,cpc,yandex_campaign
ORD_20240621_0,CUST_376,2024-06-21,125967.05,Heating Systems,yandex,cpc,yandex_campaign
ORD_20240621_1,CUST_233,2024-06-21,131703.87,Heating Systems,google,cpc,google_campaign
ORD_20240621_2,CUST_796,2024-06-21,36781.73,Smart Home,organic,,
ORD_20240621_3,CUST_147,2024-06-21,85176.41,Smart Home,facebook,paid_social,facebook_campaign
ORD_20240621_4,CUST_997,2024-06-21,55319.06,Solar Panels,direct,,
ORD_20240621_5,CUST_836,2024-06-21,36384.25,Solar Panels,facebook,paid_social,facebook_campaign
ORD_20240628_0,CUST_415,2024-06-28,115053.03,Heating Systems,google,cpc,google_campaign
ORD_20240628_1,CUST_952,2024-06-28,111997.14,Solar Panels,google,cpc,google_campaign
ORD_20240628_2,CUST_942,2024-06-28,123037.96,Solar Panels,yandex,cpc,yandex_campaign
ORD_20240628_3,CUST_283,2024-06-28,41691.12,Heating Systems,google,cpc,google_campaign
ORD_20240628_4,CUST_925,2024-06-28,109160.51,Smart Home,direct,,
ORD_20240628_5,CUST_686,2024-06-28,99766.52,Smart Home,organic,,
ORD_20240628_6,CUST_907,2024-06-28,74876.6,Heating Systems,yandex,cpc,yandex_campaign
ORD_20240628_7,CUST_507,2024-06-28,133435.45,Heating Systems,facebook,paid_social,facebook_campaign
ORD_20240628_8,CUST_949,2024-06-28,145914.54,Heating Systems,google,cpc,google_campaign
ORD_20240628_9,CUST_389,2024-06-28,136308.53,Smart Home,google,cpc,google_campaign
ORD_20240628_10,CUST_905,2024-06-28,39079.17,Heating Systems,google,cpc,google_campaign
ORD_20240705_0,CUST_217,2024-07-05,104095.34,Smart Home,google,cpc,google_campaign
ORD_20240705_1,CUST_862,2024-07-05,13326.4,Solar Panels,google,cpc,google_campaign
ORD_20240705_2,CUST_491,2024-07-05,73506.75,Solar Panels,google,cpc,google_campaign
ORD_20240705_3,CUST_516,2024-07-05,26453.44,Smart Home,google,cpc,google_campaign
ORD_20240705_4,CUST_481,2024-07-05,38120.68,Solar Panels,yandex,cpc,yandex_campaign
ORD_20240705_5,CUST_283,2024-07-05,133845.91,Smart Home,direct,,
ORD_20240705_6,CUST_367,2024-07-05,75944.47,Solar Panels,organic,,
ORD_20240705_7,CUST_788,2024-07-05,59327.57,Heating Systems,google,cpc,google_campaign
ORD_20240705_8,CUST_222,2024-07-05,128765.67,Heating Systems,google,cpc,google_campaign
ORD_20240705_9,CUST_746,2024-07-05,64150.63,Heating Systems,direct,,
ORD_20240705_10,CUST_139,2024-07-05,134455.04,Smart Home,facebook,paid_social,facebook_campaign
ORD_20240712_0,CUST_870,2024-07-12,8183.26,Smart Home,google,cpc,google_campaign
ORD_20240712_1,CUST_295,2024-07-12,127949.0,Smart Home,facebook,paid_social,facebook_campaign
ORD_20240712_2,CUST_974,2024-07-12,93864.03,Solar Panels,facebook,paid_social,facebook_campaign
ORD_20240712_3,CUST_592,2024-07-12,73969.39,Smart Home,facebook,paid_social,facebook_campaign
ORD_20240712_4,CUST_901,2024-07-12,31863.89,Heating Systems,yandex,cpc,yandex_campaign
ORD_20240712_5,CUST_435,2024-07-12,77393.52,Solar Panels,facebook,paid_social,facebook_campaign
ORD_20240712_6,CUST_127,2024-07-12,25903.67,Solar Panels,facebook,paid_social,facebook_campaign
ORD_20240712_7,CUST_976,2024-07-12,90749.05,Solar Panels,google,cpc,google_campaign
ORD_20240712_8,CUST_925,2024-07-12,34260.94,Smart Home,facebook,paid_social,facebook_campaign
ORD_20240712_9,CUST_618,2024-07-12,41203.75,Solar Panels,direct,,
ORD_20240712_10,CUST_333,2024-07-12,73329.32,Smart Home,google,cpc,google_campaign
ORD_20240712_11,CUST_506,2024-07-12,15479.75,Solar Panels,yandex,cpc,yandex_campaign
ORD_20240719_0,CUST_298,2024-07-19,8764.35,Smart Home,facebook,paid_social,facebook_campaign
ORD_20240719_1,CUST_597,2024-07-19,145977.67,Heating Systems,organic,,
ORD_20240719_2,CUST_255,2024-07-19,133863.83,Solar Panels,google,cpc,google_campaign
ORD_20240719_3,CUST_229,2024-07-19,141476.83,Heating Systems,direct,,
ORD_20240719_4,CUST_368,2024-07-19,119468.57,Smart Home,direct,,
ORD_20240719_5,CUST_187,2024-07-19,147657.66,Smart Home,yandex,cpc,yandex_campaign
ORD_20240719_6,CUST_562,2024-07-19,76119.37,Solar Panels,yandex,cpc,yandex_campaign
ORD_20240719_7,CUST_337,2024-07-19,87825.93,Heating Systems,facebook,paid_social,facebook_campaign
ORD_20240719_8,CUST_809,2024-07-19,122331.29,Solar Panels,google,cpc,google_campaign
ORD_20240719_9,CUST_434,2024-07-19,114601.64,Smart Home,google,cpc,google_campaign
ORD_20240719_10,CUST_324,2024-07-19,67379.39,Heating Systems,facebook,paid_social,facebook_campaign
ORD_20240719_11,CUST_674,2024-07-19,43577.53,Smart Home,yandex,cpc,yandex_campaign
ORD_20240726_0,CUST_715,2024-07-26,140855.92,Smart Home,organic,,
ORD_20240726_1,CUST_983,2024-07-26,50101.57,Solar Panels,google,cpc,google_campaign
ORD_20240726_2,CUST_457,2024-07-26,50967.02,Smart Home,google,cpc,google_campaign
ORD_20240726_3,CUST_245,2024-07-26,135358.44,Heating Systems,facebook,paid_social,facebook_campaign
ORD_20240726_4,CUST_344,2024-07-26,37141.26,Heating Systems,google,cpc,google_campaign
ORD_20240726_5,CUST_824,2024-07-26,143352.29,Smart Home,google,cpc,google_campaign
ORD_20240726_6,CUST_737,2024-07-26,96536.95,Solar Panels,google,cpc,google_campaign
ORD_20240726_7,CUST_672,2024-07-26,85978.15,Heating Systems,yandex,cpc,yandex_campaign
ORD_20240726_8,CUST_269,2024-07-26,31964.67,Smart Home,facebook,paid_social,facebook_campaign
ORD_20240726_9,CUST_769,2024-07-26,26571.71,Smart Home,direct,,
ORD_20240726_10,CUST_416,2024-07-26,84680.8,Solar Panels,google,cpc,google_campaign
ORD_20240802_0,CUST_362,2024-08-02,51233.51,Solar Panels,organic,,
ORD_20240802_1,CUST_963,2024-08-02,52231.87,Heating Systems,facebook,paid_social,facebook_campaign
ORD_20240802_2,CUST_598,2024-08-02,115707.37,Smart Home,google,cpc,google_campaign
ORD_20240802_3,CUST_194,2024-08-02,143451.69,Solar Panels,google,cpc,google_campaign
ORD_20240802_4,CUST_605,2024-08-02,72370.93,Solar Panels,google,cpc,google_campaign
ORD_20240809_0,CUST_588,2024-08-09,25532.37,Solar Panels,yandex,cpc,yandex_campaign
ORD_20240809_1,CUST_617,2024-08-09,129826.17,Heating Systems,facebook,paid_social,facebook_campaign
ORD_20240809_2,CUST_234,2024-08-09,61361.22,Solar Panels,facebook,paid_social,facebook_campaign
ORD_20240809_3,CUST_845,2024-08-09,42226.98,Solar Panels,direct,,
ORD_20240809_4,CUST_917,2024-08-09,54025.66,Smart Home,direct,,
ORD_20240816_0,CUST_582,2024-08-16,36274.52,Heating Systems,facebook,paid_social,facebook_campaign
ORD_20240816_1,CUST_529,2024-08-16,43035.8,Solar Panels,google,cpc,google_campaign
ORD_20240816_2,CUST_188,2024-08-16,17290.12,Solar Panels,direct,,
ORD_20240816_3,CUST_340,2024-08-16,41366.6,Solar Panels,facebook,paid_social,facebook_campaign
ORD_20240816_4,CUST_421,2024-08-16,23163.8,Smart Home,facebook,paid_social,facebook_campaign
ORD_20240823_0,CUST_473,2024-08-23,136755.06,Heating Systems,google,cpc,google_campaign
ORD_20240823_1,CUST_968,2024-08-23,6685.86,Heating Systems,yandex,cpc,yandex_campaign
ORD_20240823_2,CUST_367,2024-08-23,120736.53,Heating Systems,google,cpc,google_campaign
ORD_20240823_3,CUST_664,2024-08-23,67647.4,Heating Systems,direct,,
ORD_20240823_4,CUST_555,2024-08-23,136731.76,Heating Systems,google,cpc,google_campaign
ORD_20240823_5,CUST_961,2024-08-23,128214.19,Smart Home,yandex,cpc,yandex_campaign
ORD_20240830_0,CUST_615,2024-08-30,75809.03,Solar Panels,direct,,
ORD_20240830_1,CUST_513,2024-08-30,61245.34,Solar Panels,organic,,
ORD_20240830_2,CUST_760,2024-08-30,91853.56,Heating Systems,organic,,
ORD_20240830_3,CUST_465,2024-08-30,32161.27,Smart Home,yandex,cpc,yandex_campaign
ORD_20240830_4,CUST_642,2024-08-30,24847.65,Solar Panels,google,cpc,google_campaign
ORD_20240830_5,CUST_148,2024-08-30,67559.52,Smart Home,organic,,
ORD_20240830_6,CUST_572,2024-08-30,114382.52,Solar Panels,organic,,
ORD_20240830_7,CUST_559,2024-08-30,79255.06,Solar Panels,google,cpc,google_campaign
ORD_20240830_8,CUST_874,2024-08-30,66810.73,Solar Panels,yandex,cpc,yandex_campaign
ORD_20240830_9,CUST_568,2024-08-30,24641.5,Smart Home,facebook,paid_social,facebook_campaign
ORD_20240906_0,CUST_264,2024-09-06,89595.24,Heating Systems,organic,,
ORD_20240906_1,CUST_922,2024-09-06,46431.06,Solar Panels,yandex,cpc,yandex_campaign
ORD_20240906_2,CUST_267,2024-09-06,132003.43,Heating Systems,google,cpc,google_campaign
ORD_20240906_3,CUST_886,2024-09-06,49903.68,Smart Home,yandex,cpc,yandex_campaign
ORD_20240906_4,CUST_109,2024-09-06,133296.45,Smart Home,organic,,
ORD_20240906_5,CUST_320,2024-09-06,120818.63,Heating Systems,yandex,cpc,yandex_campaign
ORD_20240906_6,CUST_227,2024-09-06,71709.6,Heating Systems,organic,,
ORD_20240906_7,CUST_304,2024-09-06,98260.9,Heating Systems,yandex,cpc,yandex_campaign
ORD_20240906_8,CUST_720,2024-09-06,14660.2,Solar Panels,yandex,cpc,yandex_campaign
ORD_20240906_9,CUST_846,2024-09-06,102472.68,Heating Systems,organic,,
ORD_20240906_10,CUST_854,2024-09-06,72597.58,Smart Home,yandex,cpc,yandex_campaign
ORD_20240906_11,CUST_104,2024-09-06,108160.87,Solar Panels,google,cpc,google_campaign
ORD_20240906_12,CUST_557,2024-09-06,7580.71,Heating Systems,google,cpc,google_campaign
ORD_20240913_0,CUST_446,2024-09-13,110014.91,Heating Systems,google,cpc,google_campaign
ORD_20240913_1,CUST_614,2024-09-13,91527.14,Heating Systems,facebook,paid_social,facebook_campaign
ORD_20240913_2,CUST_658,2024-09-13,28210.97,Solar Panels,organic,,
ORD_20240913_3,CUST_808,2024-09-13,109455.29,Solar Panels,direct,,
ORD_20240913_4,CUST_331,2024-09-13,80730.45,Solar Panels,yandex,cpc,yandex_campaign
ORD_20240913_5,CUST_523,2024-09-13,11949.15,Solar Panels,google,cpc,google_campaign
ORD_20240913_6,CUST_272,2024-09-13,89131.75,Solar Panels,direct,,
ORD_20240913_7,CUST_680,2024-09-13,114969.24,Solar Panels,yandex,cpc,yandex_campaign
ORD_20240913_8,CUST_312,2024-09-13,140451.23,Smart Home,facebook,paid_social,facebook_campaign
ORD_20240913_9,CUST_238,2024-09-13,54794.47,Smart Home,google,cpc,google_campaign
ORD_20240913_10,CUST_749,2024-09-13,65290.34,Solar Panels,google,cpc,google_campaign
ORD_20240913_11,CUST_392,2024-09-13,13969.91,Smart Home,google,cpc,google_campaign
ORD_20240913_12,CUST_733,2024-09-13,99296.88,Solar Panels,yandex,cpc,yandex_campaign
ORD_20240913_13,CUST_905,2024-09-13,49918.04,Heating Systems,google,cpc,google_campaign
ORD_20240920_0,CUST_931,2024-09-20,115690.28,Solar Panels,yandex,cpc,yandex_campaign
ORD_20240920_1,CUST_670,2024-09-20,40278.92,Heating Systems,direct,,
ORD_20240920_2,CUST_880,2024-09-20,99520.42,Heating Systems,google,cpc,google_campaign
ORD_20240920_3,CUST_899,2024-09-20,144050.27,Heating Systems,organic,,
ORD_20240920_4,CUST_980,2024-09-20,128352.63,Smart Home,yandex,cpc,yandex_campaign
ORD_20240920_5,CUST_671,2024-09-20,21971.46,Smart Home,facebook,paid_social,facebook_campaign
ORD_20240920_6,CUST_516,2024-09-20,137990.44,Smart Home,organic,,
ORD_20240927_0,CUST_700,2024-09-27,55854.18,Smart Home,yandex,cpc,yandex_campaign
ORD_20240927_1,CUST_375,2024-09-27,140357.77,Solar Panels,yandex,cpc,yandex_campaign
ORD_20240927_2,CUST_498,2024-09-27,139953.13,Smart Home,google,cpc,google_campaign
ORD_20240927_3,CUST_565,2024-09-27,34618.8,Smart Home,facebook,paid_social,facebook_campaign
ORD_20240927_4,CUST_546,2024-09-27,134872.04,Solar Panels,yandex,cpc,yandex_campaign
ORD_20240927_5,CUST_333,2024-09-27,91954.52,Solar Panels,facebook,paid_social,facebook_campaign
ORD_20240927_6,CUST_689,2024-09-27,34032.04,Heating Systems,google,cpc,google_campaign
ORD_20240927_7,CUST_824,2024-09-27,42483.41,Smart Home,yandex,cpc,yandex_campaign
ORD_20240927_8,CUST_234,2024-09-27,6389.92,Smart Home,organic,,
ORD_20241004_0,CUST_480,2024-10-04,88394.44,Solar Panels,google,cpc,google_campaign
ORD_20241004_1,CUST_498,2024-10-04,57380.21,Smart Home,yandex,cpc,yandex_campaign
ORD_20241004_2,CUST_679,2024-10-04,137775.25,Heating Systems,yandex,cpc,yandex_campaign
ORD_20241004_3,CUST_363,2024-10-04,113806.39,Heating Systems,google,cpc,google_campaign
ORD_20241004_4,CUST_294,2024-10-04,99536.19,Smart Home,yandex,cpc,yandex_campaign
ORD_20241004_5,CUST_196,2024-10-04,137859.27,Heating Systems,google,cpc,google_campaign
ORD_20241004_6,CUST_176,2024-10-04,77601.01,Smart Home,organic,,
ORD_20241004_7,CUST_210,2024-10-04,111852.41,Solar Panels,organic,,
ORD_20241004_8,CUST_525,2024-10-04,20082.5,Smart Home,facebook,paid_social,facebook_campaign
ORD_20241004_9,CUST_682,2024-10-04,143074.41,Heating Systems,organic,,
ORD_20241004_10,CUST_529,2024-10-04,88370.74,Solar Panels,google,cpc,google_campaign
ORD_20241004_11,CUST_854,2024-10-04,83316.92,Heating Systems,yandex,cpc,yandex_campaign
ORD_20241011_0,CUST_724,2024-10-11,72204.27,Solar Panels,facebook,paid_social,facebook_campaign
ORD_20241011_1,CUST_552,2024-10-11,123145.45,Heating Systems,yandex,cpc,yandex_campaign
ORD_20241011_2,CUST_156,2024-10-11,88283.61,Heating Systems,google,cpc,google_campaign
ORD_20241011_3,CUST_936,2024-10-11,64306.12,Heating Systems,yandex,cpc,yandex_campaign
ORD_20241011_4,CUST_196,2024-10-11,8767.43,Solar Panels,google,cpc,google_campaign
ORD_20241011_5,CUST_537,2024-10-11,15674.65,Heating Systems,yandex,cpc,yandex_campaign
ORD_20241011_6,CUST_615,2024-10-11,16291.16,Solar Panels,google,cpc,google_campaign
ORD_20241011_7,CUST_545,2024-10-11,103582.24,Solar Panels,organic,,
ORD_20241011_8,CUST_400,2024-10-11,84558.15,Smart Home,yandex,cpc,yandex_campaign
ORD_20241011_9,CUST_232,2024-10-11,86510.95,Solar Panels,google,cpc,google_campaign
ORD_20241011_10,CUST_116,2024-10-11,26271.58,Smart Home,direct,,
ORD_20241011_11,CUST_917,2024-10-11,134244.82,Smart Home,facebook,paid_social,facebook_campaign
ORD_20241011_12,CUST_784,2024-10-11,132642.23,Smart Home,yandex,cpc,yandex_campaign
ORD_20241011_13,CUST_931,2024-10-11,40433.25,Solar Panels,yandex,cpc,yandex_campaign
ORD_20241018_0,CUST_571,2024-10-18,26183.15,Smart Home,facebook,paid_social,facebook_campaign
ORD_20241018_1,CUST_748,2024-10-18,22507.06,Smart Home,yandex,cpc,yandex_campaign
ORD_20241018_2,CUST_129,2024-10-18,32140.9,Smart Home,facebook,paid_social,facebook_campaign
ORD_20241018_3,CUST_701,2024-10-18,32102.23,Heating Systems,organic,,
ORD_20241018_4,CUST_679,2024-10-18,20832.4,Heating Systems,facebook,paid_social,facebook_campaign
ORD_20241018_5,CUST_703,2024-10-18,122339.52,Solar Panels,yandex,cpc,yandex_campaign
ORD_20241025_0,CUST_591,2024-10-25,75186.65,Smart Home,yandex,cpc,yandex_campaign
ORD_20241025_1,CUST_419,2024-10-25,145640.9,Solar Panels,yandex,cpc,yandex_campaign
ORD_20241025_2,CUST_689,2024-10-25,58639.85,Heating Systems,direct,,
ORD_20241025_3,CUST_941,2024-10-25,118532.77,Heating Systems,google,cpc,google_campaign
ORD_20241025_4,CUST_853,2024-10-25,41156.09,Smart Home,google,cpc,google_campaign
ORD_20241025_5,CUST_248,2024-10-25,125269.76,Solar Panels,google,cpc,google_campaign
ORD_20241101_0,CUST_265,2024-11-01,45962.33,Smart Home,google,cpc,google_campaign
ORD_20241101_1,CUST_941,2024-11-01,14181.29,Solar Panels,facebook,paid_social,facebook_campaign
ORD_20241101_2,CUST_132,2024-11-01,101062.05,Smart Home,google,cpc,google_campaign
ORD_20241101_3,CUST_594,2024-11-01,24340.75,Smart Home,facebook,paid_social,facebook_campaign
ORD_20241101_4,CUST_308,2024-11-01,36359.09,Solar Panels,facebook,paid_social,facebook_campaign
ORD_20241101_5,CUST_820,2024-11-01,80559.79,Heating Systems,google,cpc,google_campaign
ORD_20241101_6,CUST_427,2024-11-01,115045.49,Solar Panels,yandex,cpc,yandex_campaign
ORD_20241101_7,CUST_435,2024-11-01,26964.99,Heating Systems,yandex,cpc,yandex_campaign
ORD_20241108_0,CUST_582,2024-11-08,55666.64,Heating Systems,google,cpc,google_campaign
ORD_20241108_1,CUST_712,2024-11-08,73040.52,Smart Home,yandex,cpc,yandex_campaign
ORD_20241108_2,CUST_819,2024-11-08,100700.38,Solar Panels,yandex,cpc,yandex_campaign
ORD_20241108_3,CUST_667,2024-11-08,27711.96,Smart Home,organic,,
ORD_20241108_4,CUST_278,2024-11-08,64376.96,Solar Panels,google,cpc,google_campaign
ORD_20241108_5,CUST_877,2024-11-08,125710.97,Smart Home,facebook,paid_social,facebook_campaign
ORD_20241108_6,CUST_453,2024-11-08,129805.64,Smart Home,direct,,
ORD_20241108_7,CUST_471,2024-11-08,18423.53,Heating Systems,facebook,paid_social,facebook_campaign
ORD_20241108_8,CUST_757,2024-11-08,76972.83,Smart Home,facebook,paid_social,facebook_campaign
ORD_20241108_9,CUST_412,2024-11-08,131208.75,Solar Panels,organic,,
ORD_20241115_0,CUST_519,2024-11-15,138163.41,Heating Systems,facebook,paid_social,facebook_campaign
ORD_20241115_1,CUST_847,2024-11-15,36367.7,Solar Panels,direct,,
ORD_20241115_2,CUST_920,2024-11-15,16207.56,Solar Panels,yandex,cpc,yandex_campaign
ORD_20241115_3,CUST_615,2024-11-15,50702.16,Heating Systems,organic,,
ORD_20241115_4,CUST_237,2024-11-15,86475.22,Smart Home,yandex,cpc,yandex_campaign
ORD_20241115_5,CUST_571,2024-11-15,145587.95,Solar Panels,facebook,paid_social,facebook_campaign
ORD_20241115_6,CUST_707,2024-11-15,65909.09,Solar Panels,direct,,
ORD_20241115_7,CUST_647,2024-11-15,122934.78,Smart Home,yandex,cpc,yandex_campaign
ORD_20241115_8,CUST_303,2024-11-15,27276.57,Heating Systems,google,cpc,google_campaign
ORD_20241115_9,CUST_272,2024-11-15,86927.58,Smart Home,google,cpc,google_campaign
ORD_20241115_10,CUST_239,2024-11-15,116171.18,Smart Home,google,cpc,google_campaign
ORD_20241115_11,CUST_945,2024-11-15,98193.99,Smart Home,google,cpc,google_campaign
ORD_20241122_0,CUST_924,2024-11-22,10626.66,Heating Systems,organic,,
ORD_20241122_1,CUST_969,2024-11-22,132781.71,Smart Home,organic,,
ORD_20241122_2,CUST_974,2024-11-22,24864.54,Smart Home,yandex,cpc,yandex_campaign
ORD_20241122_3,CUST_124,2024-11-22,129375.05,Solar Panels,google,cpc,google_campaign
ORD_20241122_4,CUST_222,2024-11-22,69018.48,Smart Home,yandex,cpc,yandex_campaign
ORD_20241122_5,CUST_138,2024-11-22,83217.98,Smart Home,facebook,paid_social,facebook_campaign
ORD_20241122_6,CUST_212,2024-11-22,5250.1,Heating Systems,facebook,paid_social,facebook_campaign
ORD_20241129_0,CUST_386,2024-11-29,34712.82,Heating Systems,google,cpc,google_campaign
ORD_20241129_1,CUST_748,2024-11-29,146504.53,Heating Systems,yandex,cpc,yandex_campaign
ORD_20241129_2,CUST_921,2024-11-29,30440.97,Smart Home,direct,,
ORD_20241129_3,CUST_815,2024-11-29,128436.88,Solar Panels,google,cpc,google_campaign
ORD_20241129_4,CUST_810,2024-11-29,68894.77,Solar Panels,facebook,paid_social,facebook_campaign
ORD_20241129_5,CUST_426,2024-11-29,79415.84,Heating Systems,facebook,paid_social,facebook_campaign
ORD_20241129_6,CUST_157,2024-11-29,74597.54,Smart Home,direct,,
ORD_20241129_7,CUST_943,2024-11-29,48188.25,Heating Systems,google,cpc,google_campaign
ORD_20241129_8,CUST_508,2024-11-29,67584.25,Smart Home,google,cpc,google_campaign
ORD_20241129_9,CUST_221,2024-11-29,125246.57,Smart Home,organic,,
ORD_20241129_10,CUST_106,2024-11-29,13813.27,Smart Home,google,cpc,google_campaign
ORD_20241129_11,CUST_765,2024-11-29,77521.47,Heating Systems,yandex,cpc,yandex_campaign
ORD_20241206_0,CUST_343,2024-12-06,34563.54,Smart Home,facebook,paid_social,facebook_campaign
ORD_20241206_1,CUST_398,2024-12-06,120700.05,Solar Panels,yandex,cpc,yandex_campaign
ORD_20241206_2,CUST_599,2024-12-06,97298.95,Solar Panels,google,cpc,google_campaign
ORD_20241206_3,CUST_699,2024-12-06,70171.58,Smart Home,google,cpc,google_campaign
ORD_20241206_4,CUST_564,2024-12-06,146806.54,Solar Panels,google,cpc,google_campaign
ORD_20241206_5,CUST_710,2024-12-06,10835.8,Smart Home,google,cpc,google_campaign
ORD_20241206_6,CUST_509,2024-12-06,31477.2,Smart Home,google,cpc,google_campaign
ORD_20241206_7,CUST_164,2024-12-06,5649.85,Solar Panels,google,cpc,google_campaign
ORD_20241206_8,CUST_408,2024-12-06,27533.16,Heating Systems,facebook,paid_social,facebook_campaign
ORD_20241206_9,CUST_629,2024-12-06,31292.25,Smart Home,google,cpc,google_campaign
ORD_20241206_10,CUST_179,2024-12-06,26151.02,Heating Systems,yandex,cpc,yandex_campaign
ORD_20241213_0,CUST_770,2024-12-13,37850.31,Solar Panels,direct,,
ORD_20241213_1,CUST_117,2024-12-13,68514.61,Smart Home,yandex,cpc,yandex_campaign
ORD_20241213_2,CUST_439,2024-12-13,140505.14,Heating Systems,facebook,paid_social,facebook_campaign
ORD_20241213_3,CUST_368,2024-12-13,26509.18,Heating Systems,google,cpc,google_campaign
ORD_20241213_4,CUST_768,2024-12-13,89443.73,Smart Home,organic,,
ORD_20241213_5,CUST_756,2024-12-13,64572.26,Heating Systems,direct,,
ORD_20241213_6,CUST_958,2024-12-13,101142.81,Smart Home,yandex,cpc,yandex_campaign
ORD_20241213_7,CUST_740,2024-12-13,49466.95,Heating Systems,yandex,cpc,yandex_campaign
ORD_20241213_8,CUST_649,2024-12-13,148201.39,Heating Systems,facebook,paid_social,facebook_campaign
ORD_20241213_9,CUST_818,2024-12-13,52063.91,Smart Home,yandex,cpc,yandex_campaign
ORD_20241213_10,CUST_566,2024-12-13,107925.32,Heating Systems,google,cpc,google_campaign
ORD_20241213_11,CUST_901,2024-12-13,66176.31,Solar Panels,google,cpc,google_campaign
ORD_20241213_12,CUST_434,2024-12-13,116831.7,Smart Home,yandex,cpc,yandex_campaign
ORD_20241213_13,CUST_910,2024-12-13,13067.91,Solar Panels,google,cpc,google_campaign
ORD_20241220_0,CUST_879,2024-12-20,69338.07,Smart Home,organic,,
ORD_20241220_1,CUST_546,2024-12-20,124933.16,Solar Panels,direct,,
ORD_20241220_2,CUST_647,2024-12-20,141931.05,Smart Home,facebook,paid_social,facebook_campaign
ORD_20241220_3,CUST_515,2024-12-20,114727.17,Smart Home,yandex,cpc,yandex_campaign
ORD_20241220_4,CUST_602,2024-12-20,142891.87,Solar Panels,organic,,
ORD_20241220_5,CUST_731,2024-12-20,29987.55,Heating Systems,facebook,paid_social,facebook_campaign
ORD_20241220_6,CUST_131,2024-12-20,18842.09,Smart Home,organic,,
ORD_20241227_0,CUST_969,2024-12-27,140669.99,Smart Home,yandex,cpc,yandex_campaign
ORD_20241227_1,CUST_232,2024-12-27,26624.59,Solar Panels,yandex,cpc,yandex_campaign
ORD_20241227_2,CUST_300,2024-12-27,98536.99,Solar Panels,organic,,
ORD_20241227_3,CUST_907,2024-12-27,6240.44,Smart Home,facebook,paid_social,facebook_campaign
ORD_20241227_4,CUST_700,2024-12-27,20456.63,Solar Panels,google,cpc,google_campaign
ORD_20241227_5,CUST_394,2024-12-27,12547.6,Solar Panels,organic,,
ORD_20241227_6,CUST_564,2024-12-27,91059.95,Heating Systems,yandex,cpc,yandex_campaign
ORD_20241227_7,CUST_782,2024-12-27,10872.6,Solar Panels,google,cpc,google_campaign
ORD_20250103_0,CUST_435,2025-01-03,64038.93,Smart Home,direct,,
ORD_20250103_1,CUST_599,2025-01-03,93430.5,Solar Panels,facebook,paid_social,facebook_campaign
ORD_20250103_2,CUST_150,2025-01-03,83996.29,Solar Panels,facebook,paid_social,facebook_campaign
ORD_20250103_3,CUST_249,2025-01-03,96633.83,Smart Home,facebook,paid_social,facebook_campaign
ORD_20250103_4,CUST_593,2025-01-03,46681.28,Heating Systems,organic,,
ORD_20250103_5,CUST_312,2025-01-03,31568.45,Solar Panels,google,cpc,google_campaign
ORD_20250103_6,CUST_623,2025-01-03,31742.86,Heating Systems,google,cpc,google_campaign
ORD_20250103_7,CUST_815,2025-01-03,55381.37,Heating Systems,direct,,
ORD_20250103_8,CUST_853,2025-01-03,29781.27,Smart Home,organic,,
ORD_20250103_9,CUST_341,2025-01-03,61786.63,Heating Systems,yandex,cpc,yandex_campaign
ORD_20250103_10,CUST_583,2025-01-03,26107.33,Heating Systems,direct,,
ORD_20250110_0,CUST_968,2025-01-10,147891.13,Heating Systems,yandex,cpc,yandex_campaign
ORD_20250110_1,CUST_458,2025-01-10,29387.66,Smart Home,yandex,cpc,yandex_campaign
ORD_20250110_2,CUST_164,2025-01-10,73616.18,Smart Home,direct,,
ORD_20250110_3,CUST_367,2025-01-10,58878.1,Heating Systems,direct,,
ORD_20250110_4,CUST_465,2025-01-10,11203.58,Smart Home,facebook,paid_social,facebook_campaign
ORD_20250110_5,CUST_197,2025-01-10,13923.68,Heating Systems,organic,,
ORD_20250110_6,CUST_883,2025-01-10,54365.35,Smart Home,google,cpc,google_campaign
ORD_20250110_7,CUST_968,2025-01-10,89839.49,Heating Systems,facebook,paid_social,facebook_campaign
ORD_20250110_8,CUST_694,2025-01-10,149037.32,Heating Systems,facebook,paid_social,facebook_campaign
ORD_20250110_9,CUST_799,2025-01-10,61624.78,Heating Systems,yandex,cpc,yandex_campaign
ORD_20250110_10,CUST_101,2025-01-10,146139.98,Smart Home,google,cpc,google_campaign
ORD_20250110_11,CUST_952,2025-01-10,16674.9,Heating Systems,yandex,cpc,yandex_campaign
ORD_20250110_12,CUST_978,2025-01-10,64725.25,Smart Home,yandex,cpc,yandex_campaign
ORD_20250110_13,CUST_396,2025-01-10,10790.17,Solar Panels,organic,,
ORD_20250117_0,CUST_651,2025-01-17,32093.11,Heating Systems,google,cpc,google_campaign
ORD_20250117_1,CUST_118,2025-01-17,94425.84,Solar Panels,google,cpc,google_campaign
ORD_20250117_2,CUST_509,2025-01-17,142444.0,Smart Home,yandex,cpc,yandex_campaign
ORD_20250117_3,CUST_504,2025-01-17,12216.24,Smart Home,yandex,cpc,yandex_campaign
ORD_20250117_4,CUST_856,2025-01-17,72919.38,Heating Systems,google,cpc,google_campaign
ORD_20250117_5,CUST_235,2025-01-17,140205.31,Smart Home,organic,,
ORD_20250117_6,CUST_788,2025-01-17,114789.16,Solar Panels,yandex,cpc,yandex_campaign
ORD_20250117_7,CUST_791,2025-01-17,62154.72,Heating Systems,google,cpc,google_campaign
ORD_20250117_8,CUST_942,2025-01-17,73348.38,Solar Panels,google,cpc,google_campaign
ORD_20250117_9,CUST_761,2025-01-17,110478.18,Smart Home,organic,,
ORD_20250117_10,CUST_588,2025-01-17,76924.33,Heating Systems,yandex,cpc,yandex_campaign
ORD_20250117_11,CUST_166,2025-01-17,57316.99,Heating Systems,yandex,cpc,yandex_campaign
ORD_20250117_12,CUST_952,2025-01-17,80935.68,Smart Home,facebook,paid_social,facebook_campaign
ORD_20250124_0,CUST_802,2025-01-24,117078.72,Smart Home,google,cpc,google_campaign
ORD_20250124_1,CUST_517,2025-01-24,38264.74,Solar Panels,google,cpc,google_campaign
ORD_20250124_2,CUST_528,2025-01-24,52714.11,Heating Systems,yandex,cpc,yandex_campaign
ORD_20250124_3,CUST_353,2025-01-24,46308.85,Heating Systems,google,cpc,google_campaign
ORD_20250124_4,CUST_598,2025-01-24,81107.2,Heating Systems,yandex,cpc,yandex_campaign
ORD_20250131_0,CUST_678,2025-01-31,49623.68,Solar Panels,google,cpc,google_campaign
ORD_20250131_1,CUST_876,2025-01-31,128363.16,Heating Systems,organic,,
ORD_20250131_2,CUST_143,2025-01-31,77292.54,Smart Home,yandex,cpc,yandex_campaign
ORD_20250131_3,CUST_732,2025-01-31,71468.73,Heating Systems,facebook,paid_social,facebook_campaign
ORD_20250131_4,CUST_460,2025-01-31,55355.2,Heating Systems,facebook,paid_social,facebook_campaign
ORD_20250131_5,CUST_682,2025-01-31,43140.48,Solar Panels,yandex,cpc,yandex_campaign
ORD_20250131_6,CUST_977,2025-01-31,116010.56,Solar Panels,yandex,cpc,yandex_campaign
ORD_20250131_7,CUST_575,2025-01-31,67810.67,Smart Home,direct,,
ORD_20250131_8,CUST_579,2025-01-31,28822.42,Smart Home,organic,,
ORD_20250131_9,CUST_944,2025-01-31,34389.79,Heating Systems,google,cpc,google_campaign
ORD_20250207_0,CUST_313,2025-02-07,132482.08,Smart Home,yandex,cpc,yandex_campaign
ORD_20250207_1,CUST_924,2025-02-07,90693.07,Heating Systems,organic,,
ORD_20250207_2,CUST_750,2025-02-07,149239.28,Heating Systems,direct,,
ORD_20250207_3,CUST_878,2025-02-07,75287.5,Heating Systems,direct,,
ORD_20250207_4,CUST_420,2025-02-07,62498.19,Heating Systems,google,cpc,google_campaign
ORD_20250207_5,CUST_324,2025-02-07,41764.72,Solar Panels,google,cpc,google_campaign
ORD_20250207_6,CUST_670,2025-02-07,66487.57,Smart Home,google,cpc,google_campaign
ORD_20250207_7,CUST_922,2025-02-07,88936.59,Heating Systems,facebook,paid_social,facebook_campaign
ORD_20250207_8,CUST_197,2025-02-07,126462.24,Solar Panels,direct,,
ORD_20250207_9,CUST_239,2025-02-07,14664.51,Heating Systems,google,cpc,google_campaign
ORD_20250207_10,CUST_262,2025-02-07,55227.9,Smart Home,yandex,cpc,yandex_campaign
ORD_20250214_0,CUST_516,2025-02-14,13207.36,Solar Panels,yandex,cpc,yandex_campaign
ORD_20250214_1,CUST_395,2025-02-14,99722.4,Solar Panels,google,cpc,google_campaign
ORD_20250214_2,CUST_959,2025-02-14,101727.48,Solar Panels,direct,,
ORD_20250214_3,CUST_431,2025-02-14,31757.58,Smart Home,yandex,cpc,yandex_campaign
ORD_20250214_4,CUST_465,2025-02-14,106390.2,Heating Systems,direct,,
ORD_20250214_5,CUST_344,2025-02-14,116419.53,Heating Systems,facebook,paid_social,facebook_campaign
ORD_20250214_6,CUST_313,2025-02-14,119113.56,Solar Panels,yandex,cpc,yandex_campaign
ORD_20250221_0,CUST_624,2025-02-21,124242.71,Smart Home,yandex,cpc,yandex_campaign
ORD_20250221_1,CUST_883,2025-02-21,83649.47,Heating Systems,google,cpc,google_campaign
ORD_20250221_2,CUST_527,2025-02-21,73990.1,Solar Panels,yandex,cpc,yandex_campaign
ORD_20250221_3,CUST_142,2025-02-21,104258.94,Smart Home,google,cpc,google_campaign
ORD_20250221_4,CUST_829,2025-02-21,48839.85,Smart Home,organic,,
ORD_20250221_5,CUST_730,2025-02-21,24879.96,Heating Systems,yandex,cpc,yandex_campaign
ORD_20250221_6,CUST_947,2025-02-21,138153.9,Smart Home,google,cpc,google_campaign
ORD_20250221_7,CUST_885,2025-02-21,131971.08,Solar Panels,yandex,cpc,yandex_campaign
ORD_20250221_8,CUST_589,2025-02-21,132653.6,Solar Panels,facebook,paid_social,facebook_campaign
ORD_20250228_0,CUST_279,2025-02-28,63743.28,Smart Home,yandex,cpc,yandex_campaign
ORD_20250228_1,CUST_814,2025-02-28,8226.3,Solar Panels,yandex,cpc,yandex_campaign
ORD_20250228_2,CUST_813,2025-02-28,119460.05,Smart Home,yandex,cpc,yandex_campaign
ORD_20250228_3,CUST_505,2025-02-28,115384.36,Smart Home,yandex,cpc,yandex_campaign
ORD_20250228_4,CUST_790,2025-02-28,27881.13,Heating Systems,facebook,paid_social,facebook_campaign
ORD_20250228_5,CUST_978,2025-02-28,95595.38,Heating Systems,direct,,
ORD_20250228_6,CUST_170,2025-02-28,22980.43,Heating Systems,google,cpc,google_campaign
ORD_20250228_7,CUST_861,2025-02-28,88068.56,Smart Home,facebook,paid_social,facebook_campaign
ORD_20250228_8,CUST_201,2025-02-28,56115.18,Solar Panels,yandex,cpc,yandex_campaign
ORD_20250228_9,CUST_161,2025-02-28,41991.73,Smart Home,yandex,cpc,yandex_campaign
ORD_20250228_10,CUST_294,2025-02-28,145139.38,Smart Home,google,cpc,google_campaign
ORD_20250228_11,CUST_878,2025-02-28,82259.6,Heating Systems,google,cpc,google_campaign
ORD_20250228_12,CUST_401,2025-02-28,68570.74,Solar Panels,yandex,cpc,yandex_campaign
ORD_20250228_13,CUST_197,2025-02-28,119993.95,Solar Panels,direct,,
ORD_20250307_0,CUST_764,2025-03-07,137749.93,Solar Panels,yandex,cpc,yandex_campaign
ORD_20250307_1,CUST_764,2025-03-07,80450.22,Heating Systems,facebook,paid_social,facebook_campaign
ORD_20250307_2,CUST_469,2025-03-07,145552.87,Solar Panels,yandex,cpc,yandex_campaign
ORD_20250307_3,CUST_549,2025-03-07,26900.07,Smart Home,google,cpc,google_campaign
ORD_20250307_4,CUST_235,2025-03-07,80868.57,Heating Systems,google,cpc,google_campaign
ORD_20250307_5,CUST_977,2025-03-07,67462.29,Solar Panels,direct,,
ORD_20250307_6,CUST_376,2025-03-07,139160.81,Smart Home,yandex,cpc,yandex_campaign
ORD_20250307_7,CUST_472,2025-03-07,135790.38,Smart Home,yandex,cpc,yandex_campaign
ORD_20250307_8,CUST_907,2025-03-07,91055.47,Solar Panels,google,cpc,google_campaign
ORD_20250307_9,CUST_692,2025-03-07,131528.77,Smart Home,google,cpc,google_campaign
ORD_20250307_10,CUST_425,2025-03-07,25418.79,Solar Panels,yandex,cpc,yandex_campaign
ORD_20250307_11,CUST_476,2025-03-07,77158.57,Solar Panels,facebook,paid_social,facebook_campaign
ORD_20250307_12,CUST_540,2025-03-07,10572.8,Smart Home,yandex,cpc,yandex_campaign
ORD_20250307_13,CUST_584,2025-03-07,146789.65,Smart Home,yandex,cpc,yandex_campaign
ORD_20250314_0,CUST_714,2025-03-14,82905.29,Solar Panels,google,cpc,google_campaign
ORD_20250314_1,CUST_298,2025-03-14,103547.94,Solar Panels,yandex,cpc,yandex_campaign
ORD_20250314_2,CUST_639,2025-03-14,100559.95,Solar Panels,facebook,paid_social,facebook_campaign
ORD_20250314_3,CUST_487,2025-03-14,144164.06,Smart Home,yandex,cpc,yandex_campaign
ORD_20250314_4,CUST_708,2025-03-14,60783.19,Smart Home,organic,,
ORD_20250314_5,CUST_943,2025-03-14,112274.14,Heating Systems,yandex,cpc,yandex_campaign
ORD_20250321_0,CUST_808,2025-03-21,49793.45,Solar Panels,google,cpc,google_campaign
ORD_20250321_1,CUST_162,2025-03-21,63352.46,Heating Systems,yandex,cpc,yandex_campaign
ORD_20250321_2,CUST_632,2025-03-21,47040.88,Smart Home,google,cpc,google_campaign
ORD_20250321_3,CUST_541,2025-03-21,110931.21,Solar Panels,yandex,cpc,yandex_campaign
ORD_20250321_4,CUST_982,2025-03-21,141350.51,Heating Systems,google,cpc,google_campaign
ORD_20250328_0,CUST_362,2025-03-28,125067.97,Solar Panels,yandex,cpc,yandex_campaign
ORD_20250328_1,CUST_827,2025-03-28,41944.89,Heating Systems,yandex,cpc,yandex_campaign
ORD_20250328_2,CUST_954,2025-03-28,39680.64,Solar Panels,google,cpc,google_campaign
ORD_20250328_3,CUST_127,2025-03-28,47569.92,Heating Systems,yandex,cpc,yandex_campaign
ORD_20250328_4,CUST_255,2025-03-28,77257.08,Solar Panels,google,cpc,google_campaign
ORD_20250328_5,CUST_627,2025-03-28,120170.7,Solar Panels,google,cpc,google_campaign
ORD_20250328_6,CUST_439,2025-03-28,74921.36,Heating Systems,yandex,cpc,yandex_campaign
ORD_20250328_7,CUST_684,2025-03-28,121544.47,Solar Panels,direct,,
ORD_20250328_8,CUST_408,2025-03-28,122508.28,Smart Home,yandex,cpc,yandex_campaign
ORD_20250328_9,CUST_577,2025-03-28,79348.34,Smart Home,yandex,cpc,yandex_campaign
ORD_20250328_10,CUST_286,2025-03-28,86838.42,Smart Home,facebook,paid_social,facebook_campaign
ORD_20250328_11,CUST_372,2025-03-28,98861.47,Smart Home,google,cpc,google_campaign
ORD_20250404_0,CUST_409,2025-04-04,134309.8,Solar Panels,facebook,paid_social,facebook_campaign
ORD_20250404_1,CUST_542,2025-04-04,62913.04,Smart Home,google,cpc,google_campaign
ORD_20250404_2,CUST_931,2025-04-04,113644.92,Solar Panels,facebook,paid_social,facebook_campaign
ORD_20250404_3,CUST_470,2025-04-04,129965.08,Solar Panels,direct,,
ORD_20250404_4,CUST_330,2025-04-04,90250.39,Smart Home,google,cpc,google_campaign
ORD_20250404_5,CUST_779,2025-04-04,88443.92,Solar Panels,google,cpc,google_campaign
ORD_20250404_6,CUST_757,2025-04-04,38751.98,Heating Systems,facebook,paid_social,facebook_campaign
ORD_20250404_7,CUST_257,2025-04-04,22994.05,Smart Home,facebook,paid_social,facebook_campaign
ORD_20250404_8,CUST_120,2025-04-04,41298.51,Smart Home,google,cpc,google_campaign
ORD_20250411_0,CUST_822,2025-04-11,124246.71,Smart Home,facebook,paid_social,facebook_campaign
ORD_20250411_1,CUST_495,2025-04-11,9958.34,Solar Panels,google,cpc,google_campaign
ORD_20250411_2,CUST_871,2025-04-11,15685.23,Smart Home,google,cpc,google_campaign
ORD_20250411_3,CUST_946,2025-04-11,17401.06,Smart Home,yandex,cpc,yandex_campaign
ORD_20250411_4,CUST_710,2025-04-11,34522.39,Solar Panels,google,cpc,google_campaign
ORD_20250411_5,CUST_539,2025-04-11,18464.62,Solar Panels,yandex,cpc,yandex_campaign
ORD_20250411_6,CUST_499,2025-04-11,53022.37,Heating Systems,direct,,
ORD_20250411_7,CUST_192,2025-04-11,138291.87,Solar Panels,google,cpc,google_campaign
ORD_20250411_8,CUST_100,2025-04-11,34738.59,Heating Systems,yandex,cpc,yandex_campaign
ORD_20250411_9,CUST_516,2025-04-11,78450.3,Heating Systems,google,cpc,google_campaign
ORD_20250411_10,CUST_465,2025-04-11,42347.32,Smart Home,yandex,cpc,yandex_campaign
ORD_20250418_0,CUST_896,2025-04-18,52246.14,Smart Home,facebook,paid_social,facebook_campaign
ORD_20250418_1,CUST_500,2025-04-18,57748.98,Solar Panels,google,cpc,google_campaign
ORD_20250418_2,CUST_463,2025-04-18,112106.0,Smart Home,yandex,cpc,yandex_campaign
ORD_20250418_3,CUST_490,2025-04-18,82590.48,Heating Systems,yandex,cpc,yandex_campaign
ORD_20250418_4,CUST_301,2025-04-18,71398.28,Heating Systems,yandex,cpc,yandex_campaign
ORD_20250418_5,CUST_174,2025-04-18,23422.72,Solar Panels,google,cpc,google_campaign
ORD_20250418_6,CUST_689,2025-04-18,53974.59,Solar Panels,organic,,
ORD_20250418_7,CUST_245,2025-04-18,117136.2,Solar Panels,facebook,paid_social,facebook_campaign
ORD_20250418_8,CUST_499,2025-04-18,115320.5,Smart Home,facebook,paid_social,facebook_campaign
ORD_20250418_9,CUST_675,2025-04-18,23041.39,Smart Home,google,cpc,google_campaign
ORD_20250418_10,CUST_119,2025-04-18,149749.0,Solar Panels,facebook,paid_social,facebook_campaign
ORD_20250425_0,CUST_797,2025-04-25,65719.4,Heating Systems,yandex,cpc,yandex_campaign
ORD_20250425_1,CUST_954,2025-04-25,102656.02,Solar Panels,google,cpc,google_campaign
ORD_20250425_2,CUST_210,2025-04-25,133911.11,Smart Home,direct,,
ORD_20250425_3,CUST_559,2025-04-25,61317.01,Smart Home,direct,,
ORD_20250425_4,CUST_523,2025-04-25,60804.16,Solar Panels,organic,,
ORD_20250425_5,CUST_678,2025-04-25,53173.03,Smart Home,yandex,cpc,yandex_campaign
ORD_20250425_6,CUST_951,2025-04-25,149971.75,Smart Home,direct,,
ORD_20250425_7,CUST_163,2025-04-25,55248.46,Heating Systems,facebook,paid_social,facebook_campaign
ORD_20250425_8,CUST_847,2025-04-25,34758.92,Heating Systems,facebook,paid_social,facebook_campaign
ORD_20250502_0,CUST_762,2025-05-02,71013.33,Heating Systems,facebook,paid_social,facebook_campaign
ORD_20250502_1,CUST_580,2025-05-02,127047.34,Solar Panels,organic,,
ORD_20250502_2,CUST_328,2025-05-02,133848.23,Solar Panels,facebook,paid_social,facebook_campaign
ORD_20250502_3,CUST_742,2025-05-02,89097.58,Smart Home,yandex,cpc,yandex_campaign
ORD_20250502_4,CUST_100,2025-05-02,114954.33,Smart Home,google,cpc,google_campaign
ORD_20250502_5,CUST_557,2025-05-02,12429.73,Heating Systems,yandex,cpc,yandex_campaign
ORD_20250502_6,CUST_610,2025-05-02,77452.19,Solar Panels,yandex,cpc,yandex_campaign
ORD_20250502_7,CUST_455,2025-05-02,17078.87,Smart Home,google,cpc,google_campaign
ORD_20250502_8,CUST_166,2025-05-02,42210.89,Heating Systems,facebook,paid_social,facebook_campaign
ORD_20250502_9,CUST_532,2025-05-02,14795.45,Smart Home,yandex,cpc,yandex_campaign
ORD_20250502_10,CUST_809,2025-05-02,72939.31,Solar Panels,organic,,
ORD_20250502_11,CUST_174,2025-05-02,97089.58,Solar Panels,facebook,paid_social,facebook_campaign
ORD_20250502_12,CUST_850,2025-05-02,58788.42,Smart Home,facebook,paid_social,facebook_campaign
ORD_20250509_0,CUST_873,2025-05-09,83733.32,Solar Panels,organic,,
ORD_20250509_1,CUST_833,2025-05-09,98646.05,Heating Systems,yandex,cpc,yandex_campaign
ORD_20250509_2,CUST_364,2025-05-09,63876.37,Smart Home,yandex,cpc,yandex_campaign
ORD_20250509_3,CUST_295,2025-05-09,104026.55,Solar Panels,google,cpc,google_campaign
ORD_20250509_4,CUST_363,2025-05-09,17477.91,Smart Home,direct,,
ORD_20250516_0,CUST_886,2025-05-16,82525.64,Smart Home,direct,,
ORD_20250516_1,CUST_416,2025-05-16,32351.57,Smart Home,facebook,paid_social,facebook_campaign
ORD_20250516_2,CUST_970,2025-05-16,72933.96,Smart Home,yandex,cpc,yandex_campaign
ORD_20250516_3,CUST_474,2025-05-16,70803.31,Smart Home,yandex,cpc,yandex_campaign
ORD_20250516_4,CUST_406,2025-05-16,134094.83,Heating Systems,yandex,cpc,yandex_campaign
ORD_20250523_0,CUST_678,2025-05-23,130517.45,Heating Systems,google,cpc,google_campaign
ORD_20250523_1,CUST_100,2025-05-23,20946.99,Smart Home,yandex,cpc,yandex_campaign
ORD_20250523_2,CUST_703,2025-05-23,19502.62,Heating Systems,google,cpc,google_campaign
ORD_20250523_3,CUST_644,2025-05-23,94572.37,Solar Panels,facebook,paid_social,facebook_campaign
ORD_20250523_4,CUST_554,2025-05-23,140298.64,Smart Home,yandex,cpc,yandex_campaign
ORD_20250523_5,CUST_655,2025-05-23,9060.77,Smart Home,google,cpc,google_campaign
ORD_20250523_6,CUST_458,2025-05-23,11267.36,Heating Systems,google,cpc,google_campaign
ORD_20250523_7,CUST_520,2025-05-23,133024.29,Solar Panels,google,cpc,google_campaign
ORD_20250530_0,CUST_979,2025-05-30,139506.89,Heating Systems,yandex,cpc,yandex_campaign
ORD_20250530_1,CUST_275,2025-05-30,23246.61,Smart Home,google,cpc,google_campaign
ORD_20250530_2,CUST_587,2025-05-30,92822.91,Smart Home,yandex,cpc,yandex_campaign
ORD_20250530_3,CUST_729,2025-05-30,100022.28,Solar Panels,facebook,paid_social,facebook_campaign
ORD_20250530_4,CUST_882,2025-05-30,140702.02,Solar Panels,yandex,cpc,yandex_campaign
ORD_20250530_5,CUST_355,2025-05-30,19307.34,Smart Home,facebook,paid_social,facebook_campaign
ORD_20250530_6,CUST_646,2025-05-30,86273.77,Solar Panels,google,cpc,google_campaign
ORD_20250530_7,CUST_384,2025-05-30,15141.88,Smart Home,google,cpc,google_campaign
ORD_20250530_8,CUST_750,2025-05-30,115987.67,Heating Systems,yandex,cpc,yandex_campaign
ORD_20250530_9,CUST_975,2025-05-30,6230.47,Heating Systems,yandex,cpc,yandex_campaign
ORD_20250530_10,CUST_153,2025-05-30,102234.11,Heating Systems,organic,,
ORD_20250530_11,CUST_364,2025-05-30,91559.78,Solar Panels,google,cpc,google_campaign
ORD_20250606_0,CUST_807,2025-06-06,68950.05,Heating Systems,google,cpc,google_campaign
ORD_20250606_1,CUST_468,2025-06-06,98116.01,Heating Systems,google,cpc,google_campaign
ORD_20250606_2,CUST_202,2025-06-06,108209.67,Smart Home,yandex,cpc,yandex_campaign
ORD_20250606_3,CUST_497,2025-06-06,145126.56,Smart Home,yandex,cpc,yandex_campaign
ORD_20250606_4,CUST_688,2025-06-06,101020.83,Smart Home,facebook,paid_social,facebook_campaign
ORD_20250606_5,CUST_605,2025-06-06,140392.91,Heating Systems,google,cpc,google_campaign
ORD_20250606_6,CUST_463,2025-06-06,22383.19,Heating Systems,facebook,paid_social,facebook_campaign
ORD_20250606_7,CUST_190,2025-06-06,104821.1,Solar Panels,yandex,cpc,yandex_campaign
ORD_20250606_8,CUST_265,2025-06-06,13647.44,Heating Systems,facebook,paid_social,facebook_campaign
ORD_20250606_9,CUST_681,2025-06-06,91512.68,Heating Systems,google,cpc,google_campaign
ORD_20250606_10,CUST_445,2025-06-06,112717.32,Solar Panels,organic,,
ORD_20250606_11,CUST_996,2025-06-06,64013.27,Smart Home,facebook,paid_social,facebook_campaign
ORD_20250606_12,CUST_217,2025-06-06,103804.02,Heating Systems,google,cpc,google_campaign
ORD_20250606_13,CUST_176,2025-06-06,52888.77,Solar Panels,yandex,cpc,yandex_campaign
ORD_20250613_0,CUST_502,2025-06-13,11865.75,Smart Home,yandex,cpc,yandex_campaign
ORD_20250613_1,CUST_265,2025-06-13,55726.66,Smart Home,yandex,cpc,yandex_campaign
ORD_20250613_2,CUST_667,2025-06-13,121757.08,Smart Home,google,cpc,google_campaign
ORD_20250613_3,CUST_797,2025-06-13,52379.63,Solar Panels,organic,,
ORD_20250613_4,CUST_903,2025-06-13,86144.17,Solar Panels,yandex,cpc,yandex_campaign
ORD_20250613_5,CUST_374,2025-06-13,80593.44,Heating Systems,google,cpc,google_campaign
ORD_20250620_0,CUST_691,2025-06-20,66435.08,Solar Panels,google,cpc,google_campaign
ORD_20250620_1,CUST_484,2025-06-20,85008.42,Smart Home,facebook,paid_social,facebook_campaign
ORD_20250620_2,CUST_223,2025-06-20,46168.02,Heating Systems,google,cpc,google_campaign
ORD_20250620_3,CUST_924,2025-06-20,59912.42,Heating Systems,direct,,
ORD_20250620_4,CUST_912,2025-06-20,34321.19,Heating Systems,yandex,cpc,yandex_campaign
ORD_20250620_5,CUST_793,2025-06-20,80664.98,Smart Home,google,cpc,google_campaign
ORD_20250620_6,CUST_896,2025-06-20,75791.81,Solar Panels,yandex,cpc,yandex_campaign
ORD_20250620_7,CUST_218,2025-06-20,115722.63,Smart Home,facebook,paid_social,facebook_campaign
ORD_20250620_8,CUST_687,2025-06-20,136682.32,Smart Home,yandex,cpc,yandex_campaign
ORD_20250620_9,CUST_765,2025-06-20,81344.76,Heating Systems,direct,,
ORD_20250620_10,CUST_903,2025-06-20,43317.68,Solar Panels,google,cpc,google_campaign
ORD_20250620_11,CUST_812,2025-06-20,148945.07,Smart Home,facebook,paid_social,facebook_campaign
ORD_20250620_12,CUST_239,2025-06-20,11917.71,Heating Systems,yandex,cpc,yandex_campaign
ORD_20250627_0,CUST_515,2025-06-27,134435.15,Smart Home,google,cpc,google_campaign
ORD_20250627_1,CUST_986,2025-06-27,138017.49,Smart Home,yandex,cpc,yandex_campaign
ORD_20250627_2,CUST_107,2025-06-27,71382.98,Heating Systems,organic,,
ORD_20250627_3,CUST_169,2025-06-27,68605.51,Solar Panels,organic,,
ORD_20250627_4,CUST_873,2025-06-27,73676.46,Smart Home,direct,,
ORD_20250627_5,CUST_778,2025-06-27,32439.45,Solar Panels,facebook,paid_social,facebook_campaign
ORD_20250627_6,CUST_564,2025-06-27,57557.17,Smart Home,google,cpc,google_campaign
ORD_20250627_7,CUST_826,2025-06-27,50954.71,Solar Panels,yandex,cpc,yandex_campaign
ORD_20250627_8,CUST_453,2025-06-27,102256.5,Smart Home,facebook,paid_social,facebook_campaign
ORD_20250627_9,CUST_381,2025-06-27,98051.87,Smart Home,google,cpc,google_campaign
ORD_20250704_0,CUST_695,2025-07-04,126546.88,Smart Home,direct,,
ORD_20250704_1,CUST_252,2025-07-04,31476.58,Heating Systems,yandex,cpc,yandex_campaign
ORD_20250704_2,CUST_577,2025-07-04,16587.69,Heating Systems,facebook,paid_social,facebook_campaign
ORD_20250704_3,CUST_313,2025-07-04,57511.57,Heating Systems,yandex,cpc,yandex_campaign
ORD_20250704_4,CUST_763,2025-07-04,75470.5,Heating Systems,google,cpc,google_campaign
ORD_20250704_5,CUST_556,2025-07-04,144746.31,Heating Systems,facebook,paid_social,facebook_campaign
ORD_20250704_6,CUST_576,2025-07-04,138443.54,Smart Home,facebook,paid_social,facebook_campaign
ORD_20250704_7,CUST_657,2025-07-04,112603.43,Solar Panels,yandex,cpc,yandex_campaign
ORD_20250704_8,CUST_547,2025-07-04,108868.0,Solar Panels,yandex,cpc,yandex_campaign
ORD_20250711_0,CUST_889,2025-07-11,61913.13,Solar Panels,yandex,cpc,yandex_campaign
ORD_20250711_1,CUST_674,2025-07-11,40035.52,Solar Panels,facebook,paid_social,facebook_campaign
ORD_20250711_2,CUST_424,2025-07-11,95697.04,Smart Home,google,cpc,google_campaign
ORD_20250711_3,CUST_499,2025-07-11,96751.76,Solar Panels,direct,,
ORD_20250711_4,CUST_503,2025-07-11,16032.96,Solar Panels,yandex,cpc,yandex_campaign
ORD_20250711_5,CUST_285,2025-07-11,128302.6,Heating Systems,yandex,cpc,yandex_campaign
ORD_20250711_6,CUST_324,2025-07-11,106315.4,Smart Home,yandex,cpc,yandex_campaign
ORD_20250711_7,CUST_973,2025-07-11,29835.98,Solar Panels,yandex,cpc,yandex_campaign
ORD_20250711_8,CUST_700,2025-07-11,38806.36,Smart Home,facebook,paid_social,facebook_campaign
ORD_20250711_9,CUST_618,2025-07-11,102006.6,Heating Systems,yandex,cpc,yandex_campaign
ORD_20250711_10,CUST_322,2025-07-11,133306.56,Solar Panels,google,cpc,google_campaign
ORD_20250711_11,CUST_490,2025-07-11,84237.69,Solar Panels,yandex,cpc,yandex_campaign
ORD_20250718_0,CUST_636,2025-07-18,140903.0,Solar Panels,yandex,cpc,yandex_campaign
ORD_20250718_1,CUST_105,2025-07-18,81150.49,Heating Systems,organic,,
ORD_20250718_2,CUST_572,2025-07-18,67618.67,Solar Panels,facebook,paid_social,facebook_campaign
ORD_20250718_3,CUST_267,2025-07-18,53875.35,Smart Home,google,cpc,google_campaign
ORD_20250718_4,CUST_589,2025-07-18,109375.4,Smart Home,google,cpc,google_campaign
ORD_20250718_5,CUST_811,2025-07-18,146255.3,Smart Home,yandex,cpc,yandex_campaign
ORD_20250725_0,CUST_397,2025-07-25,75853.37,Solar Panels,yandex,cpc,yandex_campaign
ORD_20250725_1,CUST_763,2025-07-25,60293.69,Heating Systems,google,cpc,google_campaign
ORD_20250725_2,CUST_207,2025-07-25,139416.76,Heating Systems,yandex,cpc,yandex_campaign
ORD_20250725_3,CUST_434,2025-07-25,133635.59,Solar Panels,yandex,cpc,yandex_campaign
ORD_20250725_4,CUST_484,2025-07-25,127250.94,Heating Systems,yandex,cpc,yandex_campaign
ORD_20250725_5,CUST_594,2025-07-25,70433.83,Heating Systems,google,cpc,google_campaign
ORD_20250801_0,CUST_640,2025-08-01,73665.31,Heating Systems,yandex,cpc,yandex_campaign
ORD_20250801_1,CUST_306,2025-08-01,98401.85,Solar Panels,yandex,cpc,yandex_campaign
ORD_20250801_2,CUST_934,2025-08-01,36579.7,Smart Home,direct,,
ORD_20250801_3,CUST_383,2025-08-01,138755.21,Smart Home,direct,,
ORD_20250801_4,CUST_814,2025-08-01,135865.77,Solar Panels,direct,,
ORD_20250801_5,CUST_943,2025-08-01,9723.87,Solar Panels,google,cpc,google_campaign
ORD_20250801_6,CUST_564,2025-08-01,124766.18,Solar Panels,facebook,paid_social,facebook_campaign
ORD_20250808_0,CUST_274,2025-08-08,46458.05,Smart Home,direct,,
ORD_20250808_1,CUST_195,2025-08-08,118896.26,Smart Home,yandex,cpc,yandex_campaign
ORD_20250808_2,CUST_282,2025-08-08,21950.96,Heating Systems,facebook,paid_social,facebook_campaign
ORD_20250808_3,CUST_429,2025-08-08,99658.61,Solar Panels,direct,,
ORD_20250808_4,CUST_242,2025-08-08,46275.03,Heating Systems,yandex,cpc,yandex_campaign
ORD_20250808_5,CUST_586,2025-08-08,23006.06,Heating Systems,yandex,cpc,yandex_campaign
ORD_20250808_6,CUST_769,2025-08-08,8008.59,Smart Home,direct,,
ORD_20250808_7,CUST_647,2025-08-08,63064.56,Heating Systems,yandex,cpc,yandex_campaign
ORD_20250808_8,CUST_245,2025-08-08,119718.15,Solar Panels,yandex,cpc,yandex_campaign
ORD_20250808_9,CUST_560,2025-08-08,18315.83,Heating Systems,google,cpc,google_campaign
ORD_20250808_10,CUST_527,2025-08-08,14995.24,Heating Systems,google,cpc,google_campaign
ORD_20250808_11,CUST_692,2025-08-08,10944.41,Heating Systems,google,cpc,google_campaign
ORD_20250815_0,CUST_376,2025-08-15,69571.34,Solar Panels,google,cpc,google_campaign
ORD_20250815_1,CUST_350,2025-08-15,10074.83,Solar Panels,yandex,cpc,yandex_campaign
ORD_20250815_2,CUST_273,2025-08-15,27857.23,Heating Systems,yandex,cpc,yandex_campaign
ORD_20250815_3,CUST_659,2025-08-15,10001.61,Heating Systems,yandex,cpc,yandex_campaign
ORD_20250815_4,CUST_448,2025-08-15,142653.76,Heating Systems,yandex,cpc,yandex_campaign
ORD_20250815_5,CUST_795,2025-08-15,39499.0,Solar Panels,google,cpc,google_campaign
ORD_20250815_6,CUST_964,2025-08-15,33153.5,Smart Home,yandex,cpc,yandex_campaign
ORD_20250815_7,CUST_939,2025-08-15,8161.99,Heating Systems,google,cpc,google_campaign
ORD_20250815_8,CUST_887,2025-08-15,29585.91,Solar Panels,organic,,
ORD_20250815_9,CUST_911,2025-08-15,47601.29,Smart Home,yandex,cpc,yandex_campaign
ORD_20250815_10,CUST_829,2025-08-15,135247.57,Heating Systems,facebook,paid_social,facebook_campaign
ORD_20250822_0,CUST_474,2025-08-22,119678.9,Solar Panels,facebook,paid_social,facebook_campaign
ORD_20250822_1,CUST_649,2025-08-22,99644.9,Heating Systems,facebook,paid_social,facebook_campaign
ORD_20250822_2,CUST_325,2025-08-22,132926.7,Heating Systems,yandex,cpc,yandex_campaign
ORD_20250822_3,CUST_414,2025-08-22,102498.22,Heating Systems,yandex,cpc,yandex_campaign
ORD_20250822_4,CUST_348,2025-08-22,18697.59,Heating Systems,google,cpc,google_campaign
ORD_20250829_0,CUST_290,2025-08-29,128764.78,Heating Systems,google,cpc,google_campaign
ORD_20250829_1,CUST_854,2025-08-29,83347.4,Solar Panels,yandex,cpc,yandex_campaign
ORD_20250829_2,CUST_151,2025-08-29,64078.17,Smart Home,google,cpc,google_campaign
ORD_20250829_3,CUST_338,2025-08-29,64101.76,Smart Home,yandex,cpc,yandex_campaign
ORD_20250829_4,CUST_848,2025-08-29,129155.39,Solar Panels,facebook,paid_social,facebook_campaign
ORD_20250829_5,CUST_502,2025-08-29,90455.54,Heating Systems,google,cpc,google_campaign
ORD_20250905_0,CUST_331,2025-09-05,116048.58,Solar Panels,yandex,cpc,yandex_campaign
ORD_20250905_1,CUST_366,2025-09-05,31989.16,Solar Panels,yandex,cpc,yandex_campaign
ORD_20250905_2,CUST_338,2025-09-05,110046.76,Smart Home,yandex,cpc,yandex_campaign
ORD_20250905_3,CUST_767,2025-09-05,13257.45,Solar Panels,facebook,paid_social,facebook_campaign
ORD_20250905_4,CUST_992,2025-09-05,93322.49,Solar Panels,direct,,
ORD_20250905_5,CUST_555,2025-09-05,57771.14,Heating Systems,direct,,
ORD_20250905_6,CUST_244,2025-09-05,23913.72,Heating Systems,organic,,
ORD_20250905_7,CUST_374,2025-09-05,147740.32,Heating Systems,facebook,paid_social,facebook_campaign
ORD_20250905_8,CUST_975,2025-09-05,119372.26,Solar Panels,google,cpc,google_campaign
ORD_20250905_9,CUST_547,2025-09-05,135834.66,Solar Panels,google,cpc,google_campaign
ORD_20250905_10,CUST_731,2025-09-05,91467.5,Heating Systems,facebook,paid_social,facebook_campaign
ORD_20250905_11,CUST_721,2025-09-05,12037.35,Smart Home,facebook,paid_social,facebook_campaign
ORD_20250905_12,CUST_768,2025-09-05,141950.29,Heating Systems,facebook,paid_social,facebook_campaign
ORD_20250905_13,CUST_549,2025-09-05,40151.2,Heating Systems,google,cpc,google_campaign
ORD_20250912_0,CUST_580,2025-09-12,19780.13,Solar Panels,yandex,cpc,yandex_campaign
ORD_20250912_1,CUST_654,2025-09-12,138214.94,Solar Panels,yandex,cpc,yandex_campaign
ORD_20250912_2,CUST_143,2025-09-12,34411.92,Heating Systems,organic,,
ORD_20250912_3,CUST_362,2025-09-12,35988.38,Heating Systems,yandex,cpc,yandex_campaign
ORD_20250912_4,CUST_493,2025-09-12,79672.45,Solar Panels,yandex,cpc,yandex_campaign
ORD_20250912_5,CUST_561,2025-09-12,70710.14,Smart Home,organic,,
ORD_20250912_6,CUST_648,2025-09-12,69341.63,Solar Panels,yandex,cpc,yandex_campaign
ORD_20250912_7,CUST_548,2025-09-12,19501.8,Smart Home,google,cpc,google_campaign
ORD_20250912_8,CUST_433,2025-09-12,77434.09,Heating Systems,facebook,paid_social,facebook_campaign
ORD_20250912_9,CUST_553,2025-09-12,62781.41,Heating Systems,organic,,
ORD_20250919_0,CUST_826,2025-09-19,46883.41,Solar Panels,direct,,
ORD_20250919_1,CUST_199,2025-09-19,21126.4,Smart Home,yandex,cpc,yandex_campaign
ORD_20250919_2,CUST_485,2025-09-19,93486.1,Solar Panels,facebook,paid_social,facebook_campaign
ORD_20250919_3,CUST_268,2025-09-19,21572.73,Smart Home,google,cpc,google_campaign
ORD_20250919_4,CUST_612,2025-09-19,87600.8,Smart Home,google,cpc,google_campaign
ORD_20250919_5,CUST_833,2025-09-19,121574.07,Smart Home,google,cpc,google_campaign
ORD_20250919_6,CUST_240,2025-09-19,11415.42,Heating Systems,yandex,cpc,yandex_campaign
ORD_20250919_7,CUST_533,2025-09-19,104451.51,Solar Panels,google,cpc,google_campaign
ORD_20250919_8,CUST_538,2025-09-19,111676.14,Heating Systems,yandex,cpc,yandex_campaign
ORD_20250919_9,CUST_681,2025-09-19,147166.58,Smart Home,yandex,cpc,yandex_campaign
ORD_20250919_10,CUST_554,2025-09-19,149989.1,Smart Home,yandex,cpc,yandex_campaign
ORD_20250919_11,CUST_703,2025-09-19,127175.32,Heating Systems,yandex,cpc,yandex_campaign
ORD_20250919_12,CUST_838,2025-09-19,72168.3,Solar Panels,yandex,cpc,yandex_campaign
ORD_20250926_0,CUST_447,2025-09-26,77263.86,Solar Panels,direct,,
ORD_20250926_1,CUST_284,2025-09-26,21343.19,Smart Home,yandex,cpc,yandex_campaign
ORD_20250926_2,CUST_369,2025-09-26,129852.99,Heating Systems,facebook,paid_social,facebook_campaign
ORD_20250926_3,CUST_100,2025-09-26,114115.21,Solar Panels,google,cpc,google_campaign
ORD_20250926_4,CUST_544,2025-09-26,83389.45,Smart Home,google,cpc,google_campaign
ORD_20250926_5,CUST_309,2025-09-26,97819.06,Solar Panels,direct,,
ORD_20250926_6,CUST_966,2025-09-26,10411.21,Solar Panels,google,cpc,google_campaign
ORD_20250926_7,CUST_210,2025-09-26,33889.33,Heating Systems,facebook,paid_social,facebook_campaign
ORD_20250926_8,CUST_858,2025-09-26,147558.53,Solar Panels,google,cpc,google_campaign
ORD_20250926_9,CUST_923,2025-09-26,48657.64,Smart Home,yandex,cpc,yandex_campaign
ORD_20250926_10,CUST_667,2025-09-26,59910.15,Smart Home,yandex,cpc,yandex_campaign
ORD_20250926_11,CUST_677,2025-09-26,95232.25,Smart Home,yandex,cpc,yandex_campaign
ORD_20250926_12,CUST_918,2025-09-26,61824.62,Solar Panels,google,cpc,google_campaign
ORD_20250926_13,CUST_948,2025-09-26,81413.0,Solar Panels,google,cpc,google_campaign
ORD_20251003_0,CUST_252,2025-10-03,45241.67,Heating Systems,organic,,
ORD_20251003_1,CUST_694,2025-10-03,90614.77,Smart Home,yandex,cpc,yandex_campaign
ORD_20251003_2,CUST_771,2025-10-03,72308.37,Solar Panels,facebook,paid_social,facebook_campaign
ORD_20251003_3,CUST_859,2025-10-03,38637.82,Smart Home,organic,,
ORD_20251003_4,CUST_948,2025-10-03,103923.24,Heating Systems,yandex,cpc,yandex_campaign
ORD_20251003_5,CUST_979,2025-10-03,80453.97,Heating Systems,google,cpc,google_campaign
ORD_20251003_6,CUST_154,2025-10-03,6731.05,Solar Panels,facebook,paid_social,facebook_campaign
ORD_20251003_7,CUST_517,2025-10-03,15560.75,Heating Systems,google,cpc,google_campaign
ORD_20251003_8,CUST_665,2025-10-03,141070.36,Solar Panels,google,cpc,google_campaign
ORD_20251003_9,CUST_953,2025-10-03,90413.72,Smart Home,organic,,
ORD_20251003_10,CUST_684,2025-10-03,10043.82,Heating Systems,organic,,
ORD_20251003_11,CUST_827,2025-10-03,132930.76,Solar Panels,yandex,cpc,yandex_campaign
ORD_20251010_0,CUST_307,2025-10-10,140023.52,Smart Home,facebook,paid_social,facebook_campaign
ORD_20251010_1,CUST_513,2025-10-10,38724.14,Smart Home,yandex,cpc,yandex_campaign
ORD_20251010_2,CUST_546,2025-10-10,129277.21,Smart Home,google,cpc,google_campaign
ORD_20251010_3,CUST_308,2025-10-10,88312.2,Heating Systems,yandex,cpc,yandex_campaign
ORD_20251010_4,CUST_381,2025-10-10,31667.02,Heating Systems,google,cpc,google_campaign
ORD_20251017_0,CUST_796,2025-10-17,92042.11,Solar Panels,yandex,cpc,yandex_campaign
ORD_20251017_1,CUST_661,2025-10-17,113849.94,Heating Systems,google,cpc,google_campaign
ORD_20251017_2,CUST_161,2025-10-17,31063.3,Heating Systems,yandex,cpc,yandex_campaign
ORD_20251017_3,CUST_715,2025-10-17,103441.21,Smart Home,organic,,
ORD_20251017_4,CUST_696,2025-10-17,126339.61,Smart Home,facebook,paid_social,facebook_campaign
ORD_20251017_5,CUST_315,2025-10-17,17508.59,Smart Home,google,cpc,google_campaign
ORD_20251017_6,CUST_678,2025-10-17,144596.85,Solar Panels,yandex,cpc,yandex_campaign
ORD_20251017_7,CUST_799,2025-10-17,43686.55,Smart Home,direct,,
ORD_20251017_8,CUST_282,2025-10-17,20516.55,Heating Systems,direct,,
ORD_20251017_9,CUST_915,2025-10-17,106331.42,Heating Systems,direct,,
ORD_20251017_10,CUST_110,2025-10-17,100251.1,Solar Panels,google,cpc,google_campaign
ORD_20251017_11,CUST_247,2025-10-17,17100.56,Heating Systems,yandex,cpc,yandex_campaign
ORD_20251024_0,CUST_738,2025-10-24,137076.91,Smart Home,google,cpc,google_campaign
ORD_20251024_1,CUST_733,2025-10-24,38765.28,Smart Home,facebook,paid_social,facebook_campaign
ORD_20251024_2,CUST_403,2025-10-24,79281.0,Heating Systems,google,cpc,google_campaign
ORD_20251024_3,CUST_382,2025-10-24,98660.46,Solar Panels,google,cpc,google_campaign
ORD_20251024_4,CUST_435,2025-10-24,54524.48,Solar Panels,google,cpc,google_campaign
ORD_20251024_5,CUST_357,2025-10-24,71489.57,Heating Systems,direct,,
ORD_20251024_6,CUST_195,2025-10-24,37001.56,Smart Home,direct,,
ORD_20251024_7,CUST_470,2025-10-24,40490.08,Solar Panels,direct,,
ORD_20251024_8,CUST_972,2025-10-24,87465.55,Heating Systems,facebook,paid_social,facebook_campaign
ORD_20251024_9,CUST_130,2025-10-24,21236.08,Smart Home,facebook,paid_social,facebook_campaign
ORD_20251024_10,CUST_190,2025-10-24,89516.38,Solar Panels,google,cpc,google_campaign
ORD_20251024_11,CUST_210,2025-10-24,101317.55,Solar Panels,google,cpc,google_campaign
ORD_20251024_12,CUST_546,2025-10-24,108379.03,Solar Panels,facebook,paid_social,facebook_campaign
ORD_20251024_13,CUST_339,2025-10-24,14936.27,Heating Systems,google,cpc,google_campaign
ORD_20251031_0,CUST_665,2025-10-31,24151.42,Smart Home,facebook,paid_social,facebook_campaign
ORD_20251031_1,CUST_315,2025-10-31,86307.76,Smart Home,direct,,
ORD_20251031_2,CUST_327,2025-10-31,110960.53,Heating Systems,google,cpc,google_campaign
ORD_20251031_3,CUST_568,2025-10-31,23511.66,Solar Panels,yandex,cpc,yandex_campaign
ORD_20251031_4,CUST_514,2025-10-31,135729.92,Solar Panels,direct,,
ORD_20251031_5,CUST_914,2025-10-31,134320.89,Heating Systems,yandex,cpc,yandex_campaign
ORD_20251031_6,CUST_546,2025-10-31,92614.94,Solar Panels,organic,,
ORD_20251031_7,CUST_862,2025-10-31,11000.71,Smart Home,google,cpc,google_campaign
ORD_20251031_8,CUST_148,2025-10-31,81923.38,Solar Panels,facebook,paid_social,facebook_campaign
ORD_20251031_9,CUST_485,2025-10-31,64432.7,Solar Panels,google,cpc,google_campaign
ORD_20251031_10,CUST_935,2025-10-31,25120.19,Heating Systems,organic,,
ORD_20251031_11,CUST_635,2025-10-31,149325.58,Heating Systems,direct,,
ORD_20251107_0,CUST_790,2025-11-07,147874.98,Heating Systems,organic,,
ORD_20251107_1,CUST_724,2025-11-07,86739.06,Heating Systems,facebook,paid_social,facebook_campaign
ORD_20251107_2,CUST_213,2025-11-07,139172.57,Heating Systems,organic,,
ORD_20251107_3,CUST_350,2025-11-07,52236.38,Heating Systems,google,cpc,google_campaign
ORD_20251107_4,CUST_161,2025-11-07,82561.19,Heating Systems,yandex,cpc,yandex_campaign
ORD_20251107_5,CUST_429,2025-11-07,29342.44,Heating Systems,yandex,cpc,yandex_campaign
ORD_20251107_6,CUST_912,2025-11-07,37388.86,Solar Panels,yandex,cpc,yandex_campaign
ORD_20251114_0,CUST_991,2025-11-14,46750.8,Solar Panels,yandex,cpc,yandex_campaign
ORD_20251114_1,CUST_368,2025-11-14,104702.74,Smart Home,yandex,cpc,yandex_campaign
ORD_20251114_2,CUST_644,2025-11-14,140410.72,Smart Home,google,cpc,google_campaign
ORD_20251114_3,CUST_891,2025-11-14,128891.33,Solar Panels,yandex,cpc,yandex_campaign
ORD_20251114_4,CUST_664,2025-11-14,62663.76,Heating Systems,facebook,paid_social,facebook_campaign
ORD_20251114_5,CUST_287,2025-11-14,10954.62,Solar Panels,google,cpc,google_campaign
ORD_20251114_6,CUST_973,2025-11-14,38753.05,Heating Systems,google,cpc,google_campaign
ORD_20251121_0,CUST_771,2025-11-21,13053.83,Heating Systems,google,cpc,google_campaign
ORD_20251121_1,CUST_388,2025-11-21,143761.55,Smart Home,google,cpc,google_campaign
ORD_20251121_2,CUST_599,2025-11-21,54277.19,Smart Home,facebook,paid_social,facebook_campaign
ORD_20251121_3,CUST_998,2025-11-21,8893.53,Smart Home,direct,,
ORD_20251121_4,CUST_160,2025-11-21,94778.2,Heating Systems,yandex,cpc,yandex_campaign
ORD_20251121_5,CUST_656,2025-11-21,47146.61,Heating Systems,direct,,
ORD_20251121_6,CUST_128,2025-11-21,132501.64,Solar Panels,yandex,cpc,yandex_campaign
ORD_20251121_7,CUST_666,2025-11-21,148411.59,Solar Panels,direct,,
ORD_20251128_0,CUST_678,2025-11-28,24552.72,Solar Panels,direct,,
ORD_20251128_1,CUST_716,2025-11-28,60116.94,Solar Panels,google,cpc,google_campaign
ORD_20251128_2,CUST_470,2025-11-28,112622.17,Smart Home,google,cpc,google_campaign
ORD_20251128_3,CUST_432,2025-11-28,21200.53,Heating Systems,google,cpc,google_campaign
ORD_20251128_4,CUST_137,2025-11-28,24760.21,Heating Systems,google,cpc,google_campaign
ORD_20251128_5,CUST_304,2025-11-28,116938.42,Smart Home,facebook,paid_social,facebook_campaign
ORD_20251128_6,CUST_495,2025-11-28,53526.43,Solar Panels,google,cpc,google_campaign
ORD_20251128_7,CUST_358,2025-11-28,122493.95,Heating Systems,google,cpc,google_campaign
ORD_20251205_0,CUST_213,2025-12-05,147155.88,Solar Panels,yandex,cpc,yandex_campaign
ORD_20251205_1,CUST_485,2025-12-05,88205.0,Heating Systems,yandex,cpc,yandex_campaign
ORD_20251205_2,CUST_591,2025-12-05,57415.82,Smart Home,google,cpc,google_campaign
ORD_20251205_3,CUST_869,2025-12-05,60270.38,Smart Home,google,cpc,google_campaign
ORD_20251205_4,CUST_627,2025-12-05,5755.82,Heating Systems,google,cpc,google_campaign
ORD_20251205_5,CUST_634,2025-12-05,138331.17,Heating Systems,yandex,cpc,yandex_campaign
ORD_20251205_6,CUST_249,2025-12-05,30754.87,Solar Panels,yandex,cpc,yandex_campaign
ORD_20251205_7,CUST_392,2025-12-05,39835.61,Solar Panels,facebook,paid_social,facebook_campaign
ORD_20251205_8,CUST_688,2025-12-05,87238.72,Heating Systems,facebook,paid_social,facebook_campaign
ORD_20251205_9,CUST_184,2025-12-05,112906.99,Heating Systems,organic,,
ORD_20251205_10,CUST_492,2025-12-05,62054.68,Heating Systems,yandex,cpc,yandex_campaign
ORD_20251205_11,CUST_525,2025-12-05,20468.95,Smart Home,direct,,
ORD_20251212_0,CUST_348,2025-12-12,113036.62,Smart Home,yandex,cpc,yandex_campaign
ORD_20251212_1,CUST_422,2025-12-12,5047.87,Smart Home,organic,,
ORD_20251212_2,CUST_200,2025-12-12,146307.22,Solar Panels,facebook,paid_social,facebook_campaign
ORD_20251212_3,CUST_514,2025-12-12,13864.96,Heating Systems,google,cpc,google_campaign
ORD_20251212_4,CUST_961,2025-12-12,11475.7,Heating Systems,yandex,cpc,yandex_campaign
ORD_20251212_5,CUST_474,2025-12-12,148538.62,Heating Systems,facebook,paid_social,facebook_campaign
ORD_20251212_6,CUST_672,2025-12-12,125714.26,Heating Systems,yandex,cpc,yandex_campaign
ORD_20251219_0,CUST_131,2025-12-19,63535.98,Heating Systems,yandex,cpc,yandex_campaign
ORD_20251219_1,CUST_789,2025-12-19,106891.36,Heating Systems,direct,,
ORD_20251219_2,CUST_211,2025-12-19,131976.41,Heating Systems,google,cpc,google_campaign
ORD_20251219_3,CUST_851,2025-12-19,130485.3,Solar Panels,organic,,
ORD_20251219_4,CUST_967,2025-12-19,122432.08,Heating Systems,direct,,
ORD_20251219_5,CUST_330,2025-12-19,20891.69,Solar Panels,yandex,cpc,yandex_campaign
ORD_20251219_6,CUST_551,2025-12-19,130162.17,Solar Panels,yandex,cpc,yandex_campaign
ORD_20251219_7,CUST_754,2025-12-19,138718.96,Smart Home,google,cpc,google_campaign
ORD_20251219_8,CUST_903,2025-12-19,149400.26,Heating Systems,google,cpc,google_campaign
ORD_20251219_9,CUST_307,2025-12-19,135585.83,Solar Panels,yandex,cpc,yandex_campaign
ORD_20251226_0,CUST_480,2025-12-26,30310.55,Smart Home,facebook,paid_social,facebook_campaign
ORD_20251226_1,CUST_495,2025-12-26,123972.41,Solar Panels,yandex,cpc,yandex_campaign
ORD_20251226_2,CUST_125,2025-12-26,45822.58,Solar Panels,direct,,
ORD_20251226_3,CUST_229,2025-12-26,15728.39,Heating Systems,yandex,cpc,yandex_campaign
ORD_20251226_4,CUST_815,2025-12-26,14159.32,Smart Home,google,cpc,google_campaign
ORD_20260102_0,CUST_147,2026-01-02,131955.71,Solar Panels,google,cpc,google_campaign
ORD_20260102_1,CUST_414,2026-01-02,98109.4,Solar Panels,google,cpc,google_campaign
ORD_20260102_2,CUST_909,2026-01-02,57599.5,Heating Systems,facebook,paid_social,facebook_campaign
ORD_20260102_3,CUST_744,2026-01-02,148655.13,Smart Home,google,cpc,google_campaign
ORD_20260102_4,CUST_384,2026-01-02,74920.78,Heating Systems,direct,,
ORD_20260102_5,CUST_259,2026-01-02,142910.69,Smart Home,facebook,paid_social,facebook_campaign
ORD_20260102_6,CUST_795,2026-01-02,83541.74,Heating Systems,yandex,cpc,yandex_campaign
ORD_20260109_0,CUST_894,2026-01-09,61642.89,Smart Home,yandex,cpc,yandex_campaign
ORD_20260109_1,CUST_911,2026-01-09,87473.92,Heating Systems,direct,,
ORD_20260109_2,CUST_128,2026-01-09,101238.55,Heating Systems,yandex,cpc,yandex_campaign
ORD_20260109_3,CUST_899,2026-01-09,117848.53,Smart Home,yandex,cpc,yandex_campaign
ORD_20260109_4,CUST_903,2026-01-09,86270.77,Smart Home,google,cpc,google_campaign
ORD_20260109_5,CUST_411,2026-01-09,72703.72,Solar Panels,yandex,cpc,yandex_campaign
ORD_20260109_6,CUST_976,2026-01-09,54435.7,Smart Home,yandex,cpc,yandex_campaign
ORD_20260116_0,CUST_799,2026-01-16,122472.29,Smart Home,google,cpc,google_campaign
ORD_20260116_1,CUST_867,2026-01-16,37863.86,Smart Home,google,cpc,google_campaign
ORD_20260116_2,CUST_375,2026-01-16,82837.72,Solar Panels,yandex,cpc,yandex_campaign
ORD_20260116_3,CUST_837,2026-01-16,28058.64,Smart Home,organic,,
ORD_20260116_4,CUST_507,2026-01-16,146222.78,Heating Systems,organic,,
ORD_20260116_5,CUST_450,2026-01-16,104443.2,Smart Home,google,cpc,google_campaign
ORD_20260116_6,CUST_836,2026-01-16,21298.68,Solar Panels,facebook,paid_social,facebook_campaign
ORD_20260116_7,CUST_504,2026-01-16,134645.6,Heating Systems,yandex,cpc,yandex_campaign
ORD_20260116_8,CUST_451,2026-01-16,20081.49,Heating Systems,google,cpc,google_campaign
ORD_20260116_9,CUST_387,2026-01-16,82650.08,Heating Systems,facebook,paid_social,facebook_campaign
ORD_20260116_10,CUST_758,2026-01-16,32014.89,Solar Panels,organic,,
ORD_20260116_11,CUST_103,2026-01-16,27035.17,Smart Home,google,cpc,google_campaign
ORD_20260116_12,CUST_233,2026-01-16,67737.37,Heating Systems,yandex,cpc,yandex_campaign
ORD_20260123_0,CUST_167,2026-01-23,92242.15,Smart Home,yandex,cpc,yandex_campaign
ORD_20260123_1,CUST_750,2026-01-23,125964.57,Heating Systems,google,cpc,google_campaign
ORD_20260123_2,CUST_345,2026-01-23,68744.5,Solar Panels,google,cpc,google_campaign
ORD_20260123_3,CUST_171,2026-01-23,128456.83,Heating Systems,yandex,cpc,yandex_campaign
ORD_20260123_4,CUST_319,2026-01-23,45915.9,Smart Home,direct,,
ORD_20260123_5,CUST_116,2026-01-23,27830.68,Heating Systems,direct,,
ORD_20260123_6,CUST_733,2026-01-23,70200.94,Heating Systems,yandex,cpc,yandex_campaign
ORD_20260123_7,CUST_151,2026-01-23,104145.9,Smart Home,direct,,
ORD_20260123_8,CUST_402,2026-01-23,125833.66,Heating Systems,google,cpc,google_campaign
ORD_20260123_9,CUST_369,2026-01-23,140128.75,Solar Panels,yandex,cpc,yandex_campaign
ORD_20260123_10,CUST_101,2026-01-23,82916.68,Solar Panels,facebook,paid_social,facebook_campaign
ORD_20260123_11,CUST_430,2026-01-23,96601.75,Smart Home,yandex,cpc,yandex_campaign
ORD_20260130_0,CUST_427,2026-01-30,146432.78,Solar Panels,google,cpc,google_campaign
ORD_20260130_1,CUST_907,2026-01-30,140784.73,Smart Home,google,cpc,google_campaign
ORD_20260130_2,CUST_593,2026-01-30,54026.08,Solar Panels,google,cpc,google_campaign
ORD_20260130_3,CUST_905,2026-01-30,77173.29,Heating Systems,yandex,cpc,yandex_campaign
ORD_20260130_4,CUST_743,2026-01-30,22894.04,Heating Systems,facebook,paid_social,facebook_campaign
ORD_20260130_5,CUST_954,2026-01-30,106294.14,Heating Systems,organic,,
ORD_20260130_6,CUST_316,2026-01-30,79972.01,Heating Systems,yandex,cpc,yandex_campaign
ORD_20260130_7,CUST_561,2026-01-30,25848.85,Smart Home,yandex,cpc,yandex_campaign
ORD_20260130_8,CUST_102,2026-01-30,124280.61,Heating Systems,yandex,cpc,yandex_campaign
ORD_20260130_9,CUST_103,2026-01-30,109325.97,Smart Home,organic,,
ORD_20260130_10,CUST_300,2026-01-30,85487.36,Smart Home,direct,,
ORD_20260206_0,CUST_232,2026-02-06,144479.09,Heating Systems,facebook,paid_social,facebook_campaign
ORD_20260206_1,CUST_608,2026-02-06,101354.45,Solar Panels,facebook,paid_social,facebook_campaign
ORD_20260206_2,CUST_313,2026-02-06,59325.89,Smart Home,yandex,cpc,yandex_campaign
ORD_20260206_3,CUST_864,2026-02-06,51032.68,Heating Systems,facebook,paid_social,facebook_campaign
ORD_20260206_4,CUST_825,2026-02-06,63337.31,Solar Panels,yandex,cpc,yandex_campaign
ORD_20260206_5,CUST_500,2026-02-06,105495.89,Smart Home,google,cpc,google_campaign
ORD_20260206_6,CUST_651,2026-02-06,51261.38,Solar Panels,facebook,paid_social,facebook_campaign
ORD_20260206_7,CUST_556,2026-02-06,96832.43,Smart Home,facebook,paid_social,facebook_campaign
ORD_20260206_8,CUST_714,2026-02-06,64974.44,Smart Home,yandex,cpc,yandex_campaign
ORD_20260206_9,CUST_536,2026-02-06,14236.95,Solar Panels,organic,,
ORD_20260206_10,CUST_233,2026-02-06,55225.78,Solar Panels,yandex,cpc,yandex_campaign
ORD_20260206_11,CUST_418,2026-02-06,119527.95,Heating Systems,organic,,
ORD_20260206_12,CUST_302,2026-02-06,133175.52,Heating Systems,google,cpc,google_campaign
ORD_20260206_13,CUST_203,2026-02-06,136607.7,Smart Home,facebook,paid_social,facebook_campaign
ORD_20260213_0,CUST_969,2026-02-13,31217.54,Solar Panels,facebook,paid_social,facebook_campaign
ORD_20260213_1,CUST_349,2026-02-13,95275.68,Smart Home,direct,,
ORD_20260213_2,CUST_603,2026-02-13,123476.66,Smart Home,google,cpc,google_campaign
ORD_20260213_3,CUST_927,2026-02-13,38508.99,Solar Panels,direct,,
ORD_20260213_4,CUST_132,2026-02-13,136715.47,Smart Home,google,cpc,google_campaign
ORD_20260213_5,CUST_586,2026-02-13,65244.9,Heating Systems,facebook,paid_social,facebook_campaign
ORD_20260213_6,CUST_266,2026-02-13,54253.37,Solar Panels,yandex,cpc,yandex_campaign
ORD_20260213_7,CUST_601,2026-02-13,21372.0,Smart Home,yandex,cpc,yandex_campaign
ORD_20260213_8,CUST_200,2026-02-13,120505.69,Smart Home,yandex,cpc,yandex_campaign
ORD_20260220_0,CUST_673,2026-02-20,99270.55,Solar Panels,google,cpc,google_campaign
ORD_20260220_1,CUST_220,2026-02-20,40150.31,Smart Home,google,cpc,google_campaign
ORD_20260220_2,CUST_509,2026-02-20,137048.27,Solar Panels,organic,,
ORD_20260220_3,CUST_320,2026-02-20,39006.98,Smart Home,organic,,
ORD_20260220_4,CUST_209,2026-02-20,107044.26,Solar Panels,yandex,cpc,yandex_campaign
ORD_20260220_5,CUST_509,2026-02-20,113236.67,Solar Panels,google,cpc,google_campaign
ORD_20260220_6,CUST_167,2026-02-20,54977.61,Solar Panels,facebook,paid_social,facebook_campaign
ORD_20260227_0,CUST_420,2026-02-27,95064.5,Smart Home,google,cpc,google_campaign
ORD_20260227_1,CUST_948,2026-02-27,72590.61,Solar Panels,yandex,cpc,yandex_campaign
ORD_20260227_2,CUST_992,2026-02-27,6951.01,Solar Panels,google,cpc,google_campaign
ORD_20260227_3,CUST_889,2026-02-27,78456.81,Smart Home,google,cpc,google_campaign
ORD_20260227_4,CUST_763,2026-02-27,50095.41,Heating Systems,organic,,
ORD_20260227_5,CUST_426,2026-02-27,44098.94,Smart Home,google,cpc,google_campaign
ORD_20260227_6,CUST_543,2026-02-27,42770.7,Solar Panels,direct,,
ORD_20260227_7,CUST_145,2026-02-27,142225.37,Solar Panels,yandex,cpc,yandex_campaign
ORD_20260227_8,CUST_325,2026-02-27,62089.46,Smart Home,facebook,paid_social,facebook_campaign
ORD_20260227_9,CUST_695,2026-02-27,114662.76,Heating Systems,google,cpc,google_campaign
ORD_20260227_10,CUST_416,2026-02-27,17800.96,Heating Systems,organic,,
ORD_20260227_11,CUST_878,2026-02-27,74844.73,Solar Panels,google,cpc,google_campaign
