campaign,ad_set,date,impr,clk,spent_usd,actions,ctr,utm_source,utm_medium,utm_campaign,placement
EcoHome_SmartHome,Set1,2024-03-01,11569,517,226.66,4,4.47,facebook,paid_social,ecohome_smarthome,stories
EcoHome_SmartHome,Set2,2024-03-01,9409,640,343.54,16,6.8,facebook,paid_social,ecohome_smarthome,feed
EcoHome_SmartHome,Set3,2024-03-01,7708,652,169.1,0,8.46,facebook,paid_social,ecohome_smarthome,stories
EcoHome_Solar,Set1,2024-03-01,22881,405,223.66,26,1.77,facebook,paid_social,ecohome_solar,feed
EcoHome_Solar,Set2,2024-03-01,19449,572,104.56,0,2.94,facebook,paid_social,ecohome_solar,feed
EcoHome_Solar,Set3,2024-03-01,13875,321,173.35,9,2.31,facebook,paid_social,ecohome_solar,stories
EcoHome_Heating,Set1,2024-03-01,22326,258,138.29,2,1.16,facebook,paid_social,ecohome_heating,stories
EcoHome_Heating,Set2,2024-03-01,6620,513,241.66,8,7.75,facebook,paid_social,ecohome_heating,feed
EcoHome_Heating,Set3,2024-03-01,14745,551,73.98,26,3.74,facebook,paid_social,ecohome_heating,stories
EcoHome_SmartHome,Set1,2024-03-08,7837,457,326.85,9,5.83,facebook,paid_social,ecohome_smarthome,stories
EcoHome_SmartHome,Set2,2024-03-08,22063,311,308.65,16,1.41,facebook,paid_social,ecohome_smarthome,stories
EcoHome_SmartHome,Set3,2024-03-08,5236,415,370.16,20,7.93,facebook,paid_social,ecohome_smarthome,stories
EcoHome_Solar,Set1,2024-03-08,7423,668,189.48,8,9.0,facebook,paid_social,ecohome_solar,stories
EcoHome_Solar,Set2,2024-03-08,7940,679,65.37,28,8.55,facebook,paid_social,ecohome_solar,feed
EcoHome_Solar,Set3,2024-03-08,16652,612,135.34,6,3.68,facebook,paid_social,ecohome_solar,stories
EcoHome_Heating,Set1,2024-03-08,11487,424,86.53,0,3.69,facebook,paid_social,ecohome_heating,stories
EcoHome_Heating,Set2,2024-03-08,18136,406,290.76,5,2.24,facebook,paid_social,ecohome_heating,stories
EcoHome_Heating,Set3,2024-03-08,9887,600,198.08,29,6.07,facebook,paid_social,ecohome_heating,feed
EcoHome_SmartHome,Set1,2024-03-15,22522,170,309.56,2,0.75,facebook,paid_social,ecohome_smarthome,stories
EcoHome_SmartHome,Set2,2024-03-15,15402,386,66.65,12,2.51,facebook,paid_social,ecohome_smarthome,stories
EcoHome_SmartHome,Set3,2024-03-15,21447,150,290.93,1,0.7,facebook,paid_social,ecohome_smarthome,feed
EcoHome_Solar,Set1,2024-03-15,14814,507,119.62,2,3.42,facebook,paid_social,ecohome_solar,stories
EcoHome_Solar,Set2,2024-03-15,6740,475,203.22,17,7.05,facebook,paid_social,ecohome_solar,feed
EcoHome_Solar,Set3,2024-03-15,21663,393,225.37,9,1.81,facebook,paid_social,ecohome_solar,stories
EcoHome_Heating,Set1,2024-03-15,22601,198,195.72,2,0.88,facebook,paid_social,ecohome_heating,feed
EcoHome_Heating,Set2,2024-03-15,7076,270,120.22,22,3.82,facebook,paid_social,ecohome_heating,feed
EcoHome_Heating,Set3,2024-03-15,15315,543,217.5,14,3.55,facebook,paid_social,ecohome_heating,feed
EcoHome_SmartHome,Set1,2024-03-22,20534,344,274.59,1,1.68,facebook,paid_social,ecohome_smarthome,stories
EcoHome_SmartHome,Set2,2024-03-22,18384,85,141.89,8,0.46,facebook,paid_social,ecohome_smarthome,stories
EcoHome_SmartHome,Set3,2024-03-22,11101,546,310.61,12,4.92,facebook,paid_social,ecohome_smarthome,stories
EcoHome_Solar,Set1,2024-03-22,20450,519,323.93,18,2.54,facebook,paid_social,ecohome_solar,stories
EcoHome_Solar,Set2,2024-03-22,5594,382,277.34,21,6.83,facebook,paid_social,ecohome_solar,feed
EcoHome_Solar,Set3,2024-03-22,22783,179,381.82,29,0.79,facebook,paid_social,ecohome_solar,feed
EcoHome_Heating,Set1,2024-03-22,10190,453,165.12,22,4.45,facebook,paid_social,ecohome_heating,feed
EcoHome_Heating,Set2,2024-03-22,21720,693,159.56,19,3.19,facebook,paid_social,ecohome_heating,stories
EcoHome_Heating,Set3,2024-03-22,13204,52,207.7,17,0.39,facebook,paid_social,ecohome_heating,stories
EcoHome_SmartHome,Set1,2024-03-29,5973,224,184.09,25,3.75,facebook,paid_social,ecohome_smarthome,stories
EcoHome_SmartHome,Set2,2024-03-29,23672,596,203.53,12,2.52,facebook,paid_social,ecohome_smarthome,feed
EcoHome_SmartHome,Set3,2024-03-29,8377,383,199.42,2,4.57,facebook,paid_social,ecohome_smarthome,feed
EcoHome_Solar,Set1,2024-03-29,12619,544,323.26,20,4.31,facebook,paid_social,ecohome_solar,stories
EcoHome_Solar,Set2,2024-03-29,12543,444,369.07,13,3.54,facebook,paid_social,ecohome_solar,stories
EcoHome_Solar,Set3,2024-03-29,18775,95,379.57,13,0.51,facebook,paid_social,ecohome_solar,stories
EcoHome_Heating,Set1,2024-03-29,5663,622,99.32,21,10.98,facebook,paid_social,ecohome_heating,feed
EcoHome_Heating,Set2,2024-03-29,18200,689,129.25,12,3.79,facebook,paid_social,ecohome_heating,stories
EcoHome_Heating,Set3,2024-03-29,18156,55,125.28,3,0.3,facebook,paid_social,ecohome_heating,feed
EcoHome_SmartHome,Set1,2024-04-05,24811,444,327.55,12,1.79,facebook,paid_social,ecohome_smarthome,feed
EcoHome_SmartHome,Set2,2024-04-05,5329,99,322.67,7,1.86,facebook,paid_social,ecohome_smarthome,stories
EcoHome_SmartHome,Set3,2024-04-05,23171,649,244.14,25,2.8,facebook,paid_social,ecohome_smarthome,stories
EcoHome_Solar,Set1,2024-04-05,12311,109,210.15,10,0.89,facebook,paid_social,ecohome_solar,feed
EcoHome_Solar,Set2,2024-04-05,22131,497,324.03,5,2.25,facebook,paid_social,ecohome_solar,feed
EcoHome_Solar,Set3,2024-04-05,6615,264,228.52,8,3.99,facebook,paid_social,ecohome_solar,feed
EcoHome_Heating,Set1,2024-04-05,10506,175,318.87,5,1.67,facebook,paid_social,ecohome_heating,stories
EcoHome_Heating,Set2,2024-04-05,18515,221,231.19,20,1.19,facebook,paid_social,ecohome_heating,stories
EcoHome_Heating,Set3,2024-04-05,8774,347,172.21,13,3.95,facebook,paid_social,ecohome_heating,feed
EcoHome_SmartHome,Set1,2024-04-12,9478,248,344.5,17,2.62,facebook,paid_social,ecohome_smarthome,stories
EcoHome_SmartHome,Set2,2024-04-12,5641,276,322.85,2,4.89,facebook,paid_social,ecohome_smarthome,stories
EcoHome_SmartHome,Set3,2024-04-12,15085,253,136.63,29,1.68,facebook,paid_social,ecohome_smarthome,feed
EcoHome_Solar,Set1,2024-04-12,8343,58,251.43,8,0.7,facebook,paid_social,ecohome_solar,feed
EcoHome_Solar,Set2,2024-04-12,5886,442,389.8,8,7.51,facebook,paid_social,ecohome_solar,feed
EcoHome_Solar,Set3,2024-04-12,16530,569,271.92,5,3.44,facebook,paid_social,ecohome_solar,feed
EcoHome_Heating,Set1,2024-04-12,21738,633,318.11,10,2.91,facebook,paid_social,ecohome_heating,stories
EcoHome_Heating,Set2,2024-04-12,22012,681,327.84,17,3.09,facebook,paid_social,ecohome_heating,stories
EcoHome_Heating,Set3,2024-04-12,14613,152,62.21,27,1.04,facebook,paid_social,ecohome_heating,feed
EcoHome_SmartHome,Set1,2024-04-19,14424,477,64.44,19,3.31,facebook,paid_social,ecohome_smarthome,feed
EcoHome_SmartHome,Set2,2024-04-19,7395,99,318.94,3,1.34,facebook,paid_social,ecohome_smarthome,feed
EcoHome_SmartHome,Set3,2024-04-19,12111,322,77.59,19,2.66,facebook,paid_social,ecohome_smarthome,feed
EcoHome_Solar,Set1,2024-04-19,24935,593,142.59,29,2.38,facebook,paid_social,ecohome_solar,stories
EcoHome_Solar,Set2,2024-04-19,11459,50,376.91,4,0.44,facebook,paid_social,ecohome_solar,feed
EcoHome_Solar,Set3,2024-04-19,16584,250,120.0,3,1.51,facebook,paid_social,ecohome_solar,stories
EcoHome_Heating,Set1,2024-04-19,13408,245,200.22,2,1.83,facebook,paid_social,ecohome_heating,feed
EcoHome_Heating,Set2,2024-04-19,15886,283,257.81,17,1.78,facebook,paid_social,ecohome_heating,feed
EcoHome_Heating,Set3,2024-04-19,6080,553,339.9,7,9.1,facebook,paid_social,ecohome_heating,stories
EcoHome_SmartHome,Set1,2024-04-26,22946,689,384.99,22,3.0,facebook,paid_social,ecohome_smarthome,feed
EcoHome_SmartHome,Set2,2024-04-26,8736,628,225.6,9,7.19,facebook,paid_social,ecohome_smarthome,stories
EcoHome_SmartHome,Set3,2024-04-26,14294,657,302.54,20,4.6,facebook,paid_social,ecohome_smarthome,stories
EcoHome_Solar,Set1,2024-04-26,5271,452,393.0,18,8.58,facebook,paid_social,ecohome_solar,stories
EcoHome_Solar,Set2,2024-04-26,14657,221,189.3,0,1.51,facebook,paid_social,ecohome_solar,stories
EcoHome_Solar,Set3,2024-04-26,12041,105,137.21,27,0.87,facebook,paid_social,ecohome_solar,feed
EcoHome_Heating,Set1,2024-04-26,13708,667,370.75,3,4.87,facebook,paid_social,ecohome_heating,stories
EcoHome_Heating,Set2,2024-04-26,18580,449,135.73,21,2.42,facebook,paid_social,ecohome_heating,stories
EcoHome_Heating,Set3,2024-04-26,18343,385,350.65,25,2.1,facebook,paid_social,ecohome_heating,stories
EcoHome_SmartHome,Set1,2024-05-03,17211,667,298.59,11,3.88,facebook,paid_social,ecohome_smarthome,stories
EcoHome_SmartHome,Set2,2024-05-03,15048,422,346.79,22,2.8,facebook,paid_social,ecohome_smarthome,feed
EcoHome_SmartHome,Set3,2024-05-03,17984,120,366.39,25,0.67,facebook,paid_social,ecohome_smarthome,feed
EcoHome_Solar,Set1,2024-05-03,9747,120,343.48,14,1.23,facebook,paid_social,ecohome_solar,stories
EcoHome_Solar,Set2,2024-05-03,24585,505,167.59,22,2.05,facebook,paid_social,ecohome_solar,stories
EcoHome_Solar,Set3,2024-05-03,6528,293,392.41,6,4.49,facebook,paid_social,ecohome_solar,feed
EcoHome_Heating,Set1,2024-05-03,18348,598,119.12,12,3.26,facebook,paid_social,ecohome_heating,feed
EcoHome_Heating,Set2,2024-05-03,7343,156,150.12,17,2.12,facebook,paid_social,ecohome_heating,feed
EcoHome_Heating,Set3,2024-05-03,24538,337,110.15,27,1.37,facebook,paid_social,ecohome_heating,feed
EcoHome_SmartHome,Set1,2024-05-10,21598,330,196.43,10,1.53,facebook,paid_social,ecohome_smarthome,feed
EcoHome_SmartHome,Set2,2024-05-10,13656,153,248.01,21,1.12,facebook,paid_social,ecohome_smarthome,feed
EcoHome_SmartHome,Set3,2024-05-10,21167,641,179.48,19,3.03,facebook,paid_social,ecohome_smarthome,feed
EcoHome_Solar,Set1,2024-05-10,5303,110,120.12,23,2.07,facebook,paid_social,ecohome_solar,stories
EcoHome_Solar,Set2,2024-05-10,23715,515,305.36,15,2.17,facebook,paid_social,ecohome_solar,feed
EcoHome_Solar,Set3,2024-05-10,15169,589,351.77,28,3.88,facebook,paid_social,ecohome_solar,stories
EcoHome_Heating,Set1,2024-05-10,12176,224,215.75,11,1.84,facebook,paid_social,ecohome_heating,feed
EcoHome_Heating,Set2,2024-05-10,17409,234,170.24,2,1.34,facebook,paid_social,ecohome_heating,stories
EcoHome_Heating,Set3,2024-05-10,9664,359,270.68,29,3.71,facebook,paid_social,ecohome_heating,stories
EcoHome_SmartHome,Set1,2024-05-17,16231,105,56.42,15,0.65,facebook,paid_social,ecohome_smarthome,stories
EcoHome_SmartHome,Set2,2024-05-17,24911,298,102.44,13,1.2,facebook,paid_social,ecohome_smarthome,stories
EcoHome_SmartHome,Set3,2024-05-17,9090,64,201.88,12,0.7,facebook,paid_social,ecohome_smarthome,feed
EcoHome_Solar,Set1,2024-05-17,12008,302,272.93,26,2.51,facebook,paid_social,ecohome_solar,feed
EcoHome_Solar,Set2,2024-05-17,19863,403,399.83,8,2.03,facebook,paid_social,ecohome_solar,stories
EcoHome_Solar,Set3,2024-05-17,20262,469,338.13,0,2.31,facebook,paid_social,ecohome_solar,feed
EcoHome_Heating,Set1,2024-05-17,8199,200,383.43,22,2.44,facebook,paid_social,ecohome_heating,feed
EcoHome_Heating,Set2,2024-05-17,12897,79,266.96,15,0.61,facebook,paid_social,ecohome_heating,feed
EcoHome_Heating,Set3,2024-05-17,17844,639,378.5,28,3.58,facebook,paid_social,ecohome_heating,stories
EcoHome_SmartHome,Set1,2024-05-24,19263,329,281.47,23,1.71,facebook,paid_social,ecohome_smarthome,stories
EcoHome_SmartHome,Set2,2024-05-24,13503,102,97.18,1,0.76,facebook,paid_social,ecohome_smarthome,stories
EcoHome_SmartHome,Set3,2024-05-24,6841,435,249.2,29,6.36,facebook,paid_social,ecohome_smarthome,stories
EcoHome_Solar,Set1,2024-05-24,18139,653,205.0,10,3.6,facebook,paid_social,ecohome_solar,stories
EcoHome_Solar,Set2,2024-05-24,9297,494,330.56,8,5.31,facebook,paid_social,ecohome_solar,stories
EcoHome_Solar,Set3,2024-05-24,5337,695,350.12,23,13.02,facebook,paid_social,ecohome_solar,stories
EcoHome_Heating,Set1,2024-05-24,24995,678,300.43,6,2.71,facebook,paid_social,ecohome_heating,stories
EcoHome_Heating,Set2,2024-05-24,7673,124,248.74,26,1.62,facebook,paid_social,ecohome_heating,stories
EcoHome_Heating,Set3,2024-05-24,23446,280,312.53,6,1.19,facebook,paid_social,ecohome_heating,stories
EcoHome_SmartHome,Set1,2024-05-31,18665,84,186.42,21,0.45,facebook,paid_social,ecohome_smarthome,feed
EcoHome_SmartHome,Set2,2024-05-31,18182,520,93.48,23,2.86,facebook,paid_social,ecohome_smarthome,stories
EcoHome_SmartHome,Set3,2024-05-31,14638,397,203.62,16,2.71,facebook,paid_social,ecohome_smarthome,feed
EcoHome_Solar,Set1,2024-05-31,23095,465,217.73,14,2.01,facebook,paid_social,ecohome_solar,stories
EcoHome_Solar,Set2,2024-05-31,13877,152,207.63,29,1.1,facebook,paid_social,ecohome_solar,feed
EcoHome_Solar,Set3,2024-05-31,17329,416,336.56,27,2.4,facebook,paid_social,ecohome_solar,feed
EcoHome_Heating,Set1,2024-05-31,14111,534,137.59,6,3.78,facebook,paid_social,ecohome_heating,feed
EcoHome_Heating,Set2,2024-05-31,5863,597,112.96,15,10.18,facebook,paid_social,ecohome_heating,stories
EcoHome_Heating,Set3,2024-05-31,17186,684,376.68,13,3.98,facebook,paid_social,ecohome_heating,feed
EcoHome_SmartHome,Set1,2024-06-07,21997,132,317.03,15,0.6,facebook,paid_social,ecohome_smarthome,feed
EcoHome_SmartHome,Set2,2024-06-07,20946,71,305.16,7,0.34,facebook,paid_social,ecohome_smarthome,stories
EcoHome_SmartHome,Set3,2024-06-07,11942,444,195.89,23,3.72,facebook,paid_social,ecohome_smarthome,stories
EcoHome_Solar,Set1,2024-06-07,5244,70,388.12,9,1.33,facebook,paid_social,ecohome_solar,stories
EcoHome_Solar,Set2,2024-06-07,10767,57,257.06,22,0.53,facebook,paid_social,ecohome_solar,stories
EcoHome_Solar,Set3,2024-06-07,15750,410,147.68,11,2.6,facebook,paid_social,ecohome_solar,feed
EcoHome_Heating,Set1,2024-06-07,7453,670,377.65,25,8.99,facebook,paid_social,ecohome_heating,stories
EcoHome_Heating,Set2,2024-06-07,17882,156,158.92,19,0.87,facebook,paid_social,ecohome_heating,stories
EcoHome_Heating,Set3,2024-06-07,21108,57,231.73,16,0.27,facebook,paid_social,ecohome_heating,stories
EcoHome_SmartHome,Set1,2024-06-14,11829,395,268.11,10,3.34,facebook,paid_social,ecohome_smarthome,feed
EcoHome_SmartHome,Set2,2024-06-14,17589,249,178.73,6,1.42,facebook,paid_social,ecohome_smarthome,stories
EcoHome_SmartHome,Set3,2024-06-14,5306,53,362.46,12,1.0,facebook,paid_social,ecohome_smarthome,stories
EcoHome_Solar,Set1,2024-06-14,24076,325,233.73,1,1.35,facebook,paid_social,ecohome_solar,stories
EcoHome_Solar,Set2,2024-06-14,16573,438,140.36,27,2.64,facebook,paid_social,ecohome_solar,feed
EcoHome_Solar,Set3,2024-06-14,23228,355,130.49,14,1.53,facebook,paid_social,ecohome_solar,feed
EcoHome_Heating,Set1,2024-06-14,14487,517,313.25,1,3.57,facebook,paid_social,ecohome_heating,feed
EcoHome_Heating,Set2,2024-06-14,22198,552,377.72,4,2.49,facebook,paid_social,ecohome_heating,stories
EcoHome_Heating,Set3,2024-06-14,21693,567,156.3,21,2.61,facebook,paid_social,ecohome_heating,feed
EcoHome_SmartHome,Set1,2024-06-21,23870,312,69.89,0,1.31,facebook,paid_social,ecohome_smarthome,stories
EcoHome_SmartHome,Set2,2024-06-21,10353,385,244.93,14,3.72,facebook,paid_social,ecohome_smarthome,stories
EcoHome_SmartHome,Set3,2024-06-21,21053,130,195.86,18,0.62,facebook,paid_social,ecohome_smarthome,stories
EcoHome_Solar,Set1,2024-06-21,21848,257,127.45,19,1.18,facebook,paid_social,ecohome_solar,stories
EcoHome_Solar,Set2,2024-06-21,8195,332,339.77,0,4.05,facebook,paid_social,ecohome_solar,feed
EcoHome_Solar,Set3,2024-06-21,21830,546,134.42,16,2.5,facebook,paid_social,ecohome_solar,stories
EcoHome_Heating,Set1,2024-06-21,23547,584,266.15,12,2.48,facebook,paid_social,ecohome_heating,feed
EcoHome_Heating,Set2,2024-06-21,16576,197,127.91,19,1.19,facebook,paid_social,ecohome_heating,feed
EcoHome_Heating,Set3,2024-06-21,6128,628,271.66,13,10.25,facebook,paid_social,ecohome_heating,feed
EcoHome_SmartHome,Set1,2024-06-28,11998,64,222.24,13,0.53,facebook,paid_social,ecohome_smarthome,stories
EcoHome_SmartHome,Set2,2024-06-28,13998,290,85.89,5,2.07,facebook,paid_social,ecohome_smarthome,feed
EcoHome_SmartHome,Set3,2024-06-28,16167,326,314.0,26,2.02,facebook,paid_social,ecohome_smarthome,stories
EcoHome_Solar,Set1,2024-06-28,10984,513,361.73,23,4.67,facebook,paid_social,ecohome_solar,feed
EcoHome_Solar,Set2,2024-06-28,8454,574,100.92,1,6.79,facebook,paid_social,ecohome_solar,stories
EcoHome_Solar,Set3,2024-06-28,10349,538,288.64,6,5.2,facebook,paid_social,ecohome_solar,stories
EcoHome_Heating,Set1,2024-06-28,14399,474,204.04,8,3.29,facebook,paid_social,ecohome_heating,stories
EcoHome_Heating,Set2,2024-06-28,22387,309,268.83,23,1.38,facebook,paid_social,ecohome_heating,stories
EcoHome_Heating,Set3,2024-06-28,11583,568,61.15,21,4.9,facebook,paid_social,ecohome_heating,stories
EcoHome_SmartHome,Set1,2024-07-05,10302,221,179.55,19,2.15,facebook,paid_social,ecohome_smarthome,stories
EcoHome_SmartHome,Set2,2024-07-05,19239,588,349.16,19,3.06,facebook,paid_social,ecohome_smarthome,stories
EcoHome_SmartHome,Set3,2024-07-05,15534,102,148.08,19,0.66,facebook,paid_social,ecohome_smarthome,stories
EcoHome_Solar,Set1,2024-07-05,21455,77,195.97,27,0.36,facebook,paid_social,ecohome_solar,stories
EcoHome_Solar,Set2,2024-07-05,12055,596,365.49,24,4.94,facebook,paid_social,ecohome_solar,feed
EcoHome_Solar,Set3,2024-07-05,18107,515,216.01,15,2.84,facebook,paid_social,ecohome_solar,stories
EcoHome_Heating,Set1,2024-07-05,17666,226,196.46,0,1.28,facebook,paid_social,ecohome_heating,stories
EcoHome_Heating,Set2,2024-07-05,6031,263,211.64,18,4.36,facebook,paid_social,ecohome_heating,feed
EcoHome_Heating,Set3,2024-07-05,20816,510,134.85,14,2.45,facebook,paid_social,ecohome_heating,feed
EcoHome_SmartHome,Set1,2024-07-12,6550,427,214.26,5,6.52,facebook,paid_social,ecohome_smarthome,stories
EcoHome_SmartHome,Set2,2024-07-12,17914,88,238.5,16,0.49,facebook,paid_social,ecohome_smarthome,feed
EcoHome_SmartHome,Set3,2024-07-12,17661,281,166.58,2,1.59,facebook,paid_social,ecohome_smarthome,feed
EcoHome_Solar,Set1,2024-07-12,7094,85,54.7,24,1.2,facebook,paid_social,ecohome_solar,feed
EcoHome_Solar,Set2,2024-07-12,22932,195,57.58,0,0.85,facebook,paid_social,ecohome_solar,stories
EcoHome_Solar,Set3,2024-07-12,9849,569,80.01,20,5.78,facebook,paid_social,ecohome_solar,feed
EcoHome_Heating,Set1,2024-07-12,23612,550,316.93,18,2.33,facebook,paid_social,ecohome_heating,feed
EcoHome_Heating,Set2,2024-07-12,15866,484,259.28,7,3.05,facebook,paid_social,ecohome_heating,stories
EcoHome_Heating,Set3,2024-07-12,5452,218,303.02,15,4.0,facebook,paid_social,ecohome_heating,feed
EcoHome_SmartHome,Set1,2024-07-19,9348,485,391.59,5,5.19,facebook,paid_social,ecohome_smarthome,feed
EcoHome_SmartHome,Set2,2024-07-19,19407,312,249.64,12,1.61,facebook,paid_social,ecohome_smarthome,stories
EcoHome_SmartHome,Set3,2024-07-19,22878,206,267.88,4,0.9,facebook,paid_social,ecohome_smarthome,stories
EcoHome_Solar,Set1,2024-07-19,15400,590,81.94,22,3.83,facebook,paid_social,ecohome_solar,stories
EcoHome_Solar,Set2,2024-07-19,8925,51,297.38,26,0.57,facebook,paid_social,ecohome_solar,stories
EcoHome_Solar,Set3,2024-07-19,8904,157,182.87,20,1.76,facebook,paid_social,ecohome_solar,feed
EcoHome_Heating,Set1,2024-07-19,15414,172,208.11,27,1.12,facebook,paid_social,ecohome_heating,feed
EcoHome_Heating,Set2,2024-07-19,20442,681,341.0,26,3.33,facebook,paid_social,ecohome_heating,feed
EcoHome_Heating,Set3,2024-07-19,13619,667,124.9,11,4.9,facebook,paid_social,ecohome_heating,feed
EcoHome_SmartHome,Set1,2024-07-26,9754,311,228.48,8,3.19,facebook,paid_social,ecohome_smarthome,stories
EcoHome_SmartHome,Set2,2024-07-26,6225,204,394.46,1,3.28,facebook,paid_social,ecohome_smarthome,stories
EcoHome_SmartHome,Set3,2024-07-26,23004,294,327.55,1,1.28,facebook,paid_social,ecohome_smarthome,stories
EcoHome_Solar,Set1,2024-07-26,16784,435,132.48,29,2.59,facebook,paid_social,ecohome_solar,stories
EcoHome_Solar,Set2,2024-07-26,11858,642,288.53,6,5.41,facebook,paid_social,ecohome_solar,stories
EcoHome_Solar,Set3,2024-07-26,14260,370,374.17,19,2.59,facebook,paid_social,ecohome_solar,feed
EcoHome_Heating,Set1,2024-07-26,8307,662,189.28,25,7.97,facebook,paid_social,ecohome_heating,stories
EcoHome_Heating,Set2,2024-07-26,24901,655,184.47,9,2.63,facebook,paid_social,ecohome_heating,feed
EcoHome_Heating,Set3,2024-07-26,9537,694,223.87,27,7.28,facebook,paid_social,ecohome_heating,stories
EcoHome_SmartHome,Set1,2024-08-02,11618,677,67.0,20,5.83,facebook,paid_social,ecohome_smarthome,feed
EcoHome_SmartHome,Set2,2024-08-02,19837,397,254.75,25,2.0,facebook,paid_social,ecohome_smarthome,feed
EcoHome_SmartHome,Set3,2024-08-02,15934,386,312.09,24,2.42,facebook,paid_social,ecohome_smarthome,feed
EcoHome_Solar,Set1,2024-08-02,6351,72,384.43,13,1.13,facebook,paid_social,ecohome_solar,stories
EcoHome_Solar,Set2,2024-08-02,24030,316,280.15,10,1.32,facebook,paid_social,ecohome_solar,feed
EcoHome_Solar,Set3,2024-08-02,6022,499,337.32,22,8.29,facebook,paid_social,ecohome_solar,stories
EcoHome_Heating,Set1,2024-08-02,6424,77,104.03,5,1.2,facebook,paid_social,ecohome_heating,feed
EcoHome_Heating,Set2,2024-08-02,23702,560,94.78,5,2.36,facebook,paid_social,ecohome_heating,stories
EcoHome_Heating,Set3,2024-08-02,9929,366,303.47,17,3.69,facebook,paid_social,ecohome_heating,feed
EcoHome_SmartHome,Set1,2024-08-09,17638,560,275.86,11,3.17,facebook,paid_social,ecohome_smarthome,stories
EcoHome_SmartHome,Set2,2024-08-09,6617,58,369.45,15,0.88,facebook,paid_social,ecohome_smarthome,feed
EcoHome_SmartHome,Set3,2024-08-09,12988,489,379.11,23,3.77,facebook,paid_social,ecohome_smarthome,stories
EcoHome_Solar,Set1,2024-08-09,7613,98,138.83,15,1.29,facebook,paid_social,ecohome_solar,feed
EcoHome_Solar,Set2,2024-08-09,22765,171,390.86,25,0.75,facebook,paid_social,ecohome_solar,stories
EcoHome_Solar,Set3,2024-08-09,13384,465,155.24,19,3.47,facebook,paid_social,ecohome_solar,feed
EcoHome_Heating,Set1,2024-08-09,23909,457,166.77,18,1.91,facebook,paid_social,ecohome_heating,feed
EcoHome_Heating,Set2,2024-08-09,17907,99,399.4,11,0.55,facebook,paid_social,ecohome_heating,stories
EcoHome_Heating,Set3,2024-08-09,8414,335,94.29,29,3.98,facebook,paid_social,ecohome_heating,feed
EcoHome_SmartHome,Set1,2024-08-16,14821,618,296.68,16,4.17,facebook,paid_social,ecohome_smarthome,stories
EcoHome_SmartHome,Set2,2024-08-16,12511,127,374.6,13,1.02,facebook,paid_social,ecohome_smarthome,feed
EcoHome_SmartHome,Set3,2024-08-16,21449,117,120.44,19,0.55,facebook,paid_social,ecohome_smarthome,feed
EcoHome_Solar,Set1,2024-08-16,10069,217,214.62,24,2.16,facebook,paid_social,ecohome_solar,feed
EcoHome_Solar,Set2,2024-08-16,22509,471,271.82,29,2.09,facebook,paid_social,ecohome_solar,stories
EcoHome_Solar,Set3,2024-08-16,6938,340,353.7,0,4.9,facebook,paid_social,ecohome_solar,stories
EcoHome_Heating,Set1,2024-08-16,8465,490,171.16,3,5.79,facebook,paid_social,ecohome_heating,stories
EcoHome_Heating,Set2,2024-08-16,16663,685,93.58,0,4.11,facebook,paid_social,ecohome_heating,stories
EcoHome_Heating,Set3,2024-08-16,9776,320,95.93,10,3.27,facebook,paid_social,ecohome_heating,feed
EcoHome_SmartHome,Set1,2024-08-23,21482,575,68.56,3,2.68,facebook,paid_social,ecohome_smarthome,stories
EcoHome_SmartHome,Set2,2024-08-23,18057,571,138.98,8,3.16,facebook,paid_social,ecohome_smarthome,feed
EcoHome_SmartHome,Set3,2024-08-23,18844,64,117.95,29,0.34,facebook,paid_social,ecohome_smarthome,feed
EcoHome_Solar,Set1,2024-08-23,21212,262,353.91,22,1.24,facebook,paid_social,ecohome_solar,feed
EcoHome_Solar,Set2,2024-08-23,11374,250,333.27,20,2.2,facebook,paid_social,ecohome_solar,stories
EcoHome_Solar,Set3,2024-08-23,16755,275,310.93,8,1.64,facebook,paid_social,ecohome_solar,feed
EcoHome_Heating,Set1,2024-08-23,22175,201,269.16,23,0.91,facebook,paid_social,ecohome_heating,feed
EcoHome_Heating,Set2,2024-08-23,18861,93,263.04,18,0.49,facebook,paid_social,ecohome_heating,feed
EcoHome_Heating,Set3,2024-08-23,7977,400,336.23,27,5.01,facebook,paid_social,ecohome_heating,stories
EcoHome_SmartHome,Set1,2024-08-30,10162,515,111.86,8,5.07,facebook,paid_social,ecohome_smarthome,feed
EcoHome_SmartHome,Set2,2024-08-30,18286,581,382.62,0,3.18,facebook,paid_social,ecohome_smarthome,stories
EcoHome_SmartHome,Set3,2024-08-30,18123,329,117.74,12,1.82,facebook,paid_social,ecohome_smarthome,stories
EcoHome_Solar,Set1,2024-08-30,18851,203,105.05,3,1.08,facebook,paid_social,ecohome_solar,feed
EcoHome_Solar,Set2,2024-08-30,17194,408,206.88,3,2.37,facebook,paid_social,ecohome_solar,stories
EcoHome_Solar,Set3,2024-08-30,17084,87,171.14,26,0.51,facebook,paid_social,ecohome_solar,feed
EcoHome_Heating,Set1,2024-08-30,14955,172,79.02,24,1.15,facebook,paid_social,ecohome_heating,stories
EcoHome_Heating,Set2,2024-08-30,6185,263,177.12,23,4.25,facebook,paid_social,ecohome_heating,feed
EcoHome_Heating,Set3,2024-08-30,15662,587,209.58,6,3.75,facebook,paid_social,ecohome_heating,feed
EcoHome_SmartHome,Set1,2024-09-06,6935,683,315.85,5,9.85,facebook,paid_social,ecohome_smarthome,stories
EcoHome_SmartHome,Set2,2024-09-06,12479,185,142.8,6,1.48,facebook,paid_social,ecohome_smarthome,feed
EcoHome_SmartHome,Set3,2024-09-06,15712,681,380.76,14,4.33,facebook,paid_social,ecohome_smarthome,feed
EcoHome_Solar,Set1,2024-09-06,6547,136,149.42,6,2.08,facebook,paid_social,ecohome_solar,feed
EcoHome_Solar,Set2,2024-09-06,16529,635,210.71,12,3.84,facebook,paid_social,ecohome_solar,stories
EcoHome_Solar,Set3,2024-09-06,24868,663,57.08,8,2.67,facebook,paid_social,ecohome_solar,feed
EcoHome_Heating,Set1,2024-09-06,22316,191,57.17,7,0.86,facebook,paid_social,ecohome_heating,feed
EcoHome_Heating,Set2,2024-09-06,15407,615,293.61,23,3.99,facebook,paid_social,ecohome_heating,feed
EcoHome_Heating,Set3,2024-09-06,22127,580,233.41,17,2.62,facebook,paid_social,ecohome_heating,stories
EcoHome_SmartHome,Set1,2024-09-13,11318,351,332.07,18,3.1,facebook,paid_social,ecohome_smarthome,stories
EcoHome_SmartHome,Set2,2024-09-13,11962,359,202.4,16,3.0,facebook,paid_social,ecohome_smarthome,stories
EcoHome_SmartHome,Set3,2024-09-13,7203,481,174.4,18,6.68,facebook,paid_social,ecohome_smarthome,feed
EcoHome_Solar,Set1,2024-09-13,5434,568,319.32,10,10.45,facebook,paid_social,ecohome_solar,feed
EcoHome_Solar,Set2,2024-09-13,10725,235,342.57,11,2.19,facebook,paid_social,ecohome_solar,stories
EcoHome_Solar,Set3,2024-09-13,7713,323,136.27,19,4.19,facebook,paid_social,ecohome_solar,feed
EcoHome_Heating,Set1,2024-09-13,15596,52,264.26,14,0.33,facebook,paid_social,ecohome_heating,stories
EcoHome_Heating,Set2,2024-09-13,23687,659,256.54,7,2.78,facebook,paid_social,ecohome_heating,feed
EcoHome_Heating,Set3,2024-09-13,6082,495,63.04,18,8.14,facebook,paid_social,ecohome_heating,stories
EcoHome_SmartHome,Set1,2024-09-20,22976,538,161.3,27,2.34,facebook,paid_social,ecohome_smarthome,feed
EcoHome_SmartHome,Set2,2024-09-20,7775,518,208.55,22,6.66,facebook,paid_social,ecohome_smarthome,feed
EcoHome_SmartHome,Set3,2024-09-20,20055,112,145.73,22,0.56,facebook,paid_social,ecohome_smarthome,feed
EcoHome_Solar,Set1,2024-09-20,22945,226,164.44,8,0.98,facebook,paid_social,ecohome_solar,feed
EcoHome_Solar,Set2,2024-09-20,24622,274,222.94,23,1.11,facebook,paid_social,ecohome_solar,feed
EcoHome_Solar,Set3,2024-09-20,17523,77,236.97,5,0.44,facebook,paid_social,ecohome_solar,feed
EcoHome_Heating,Set1,2024-09-20,11693,245,201.29,29,2.1,facebook,paid_social,ecohome_heating,stories
EcoHome_Heating,Set2,2024-09-20,14314,239,74.85,20,1.67,facebook,paid_social,ecohome_heating,stories
EcoHome_Heating,Set3,2024-09-20,18671,229,155.83,5,1.23,facebook,paid_social,ecohome_heating,stories
EcoHome_SmartHome,Set1,2024-09-27,12188,194,51.11,17,1.59,facebook,paid_social,ecohome_smarthome,feed
EcoHome_SmartHome,Set2,2024-09-27,10285,252,73.24,16,2.45,facebook,paid_social,ecohome_smarthome,stories
EcoHome_SmartHome,Set3,2024-09-27,11856,434,162.24,20,3.66,facebook,paid_social,ecohome_smarthome,feed
EcoHome_Solar,Set1,2024-09-27,6781,388,105.75,13,5.72,facebook,paid_social,ecohome_solar,stories
EcoHome_Solar,Set2,2024-09-27,20958,268,277.33,3,1.28,facebook,paid_social,ecohome_solar,stories
EcoHome_Solar,Set3,2024-09-27,15266,272,389.95,19,1.78,facebook,paid_social,ecohome_solar,stories
EcoHome_Heating,Set1,2024-09-27,8257,464,130.86,12,5.62,facebook,paid_social,ecohome_heating,feed
EcoHome_Heating,Set2,2024-09-27,24336,442,240.38,12,1.82,facebook,paid_social,ecohome_heating,stories
EcoHome_Heating,Set3,2024-09-27,23975,499,170.2,26,2.08,facebook,paid_social,ecohome_heating,stories
EcoHome_SmartHome,Set1,2024-10-04,15375,533,367.08,13,3.47,facebook,paid_social,ecohome_smarthome,feed
EcoHome_SmartHome,Set2,2024-10-04,23039,95,349.65,5,0.41,facebook,paid_social,ecohome_smarthome,stories
EcoHome_SmartHome,Set3,2024-10-04,16424,477,396.78,8,2.9,facebook,paid_social,ecohome_smarthome,stories
EcoHome_Solar,Set1,2024-10-04,18200,101,235.42,9,0.55,facebook,paid_social,ecohome_solar,stories
EcoHome_Solar,Set2,2024-10-04,14680,599,128.73,14,4.08,facebook,paid_social,ecohome_solar,feed
EcoHome_Solar,Set3,2024-10-04,8549,311,247.08,4,3.64,facebook,paid_social,ecohome_solar,feed
EcoHome_Heating,Set1,2024-10-04,6976,250,350.91,26,3.58,facebook,paid_social,ecohome_heating,stories
EcoHome_Heating,Set2,2024-10-04,16995,335,263.35,1,1.97,facebook,paid_social,ecohome_heating,stories
EcoHome_Heating,Set3,2024-10-04,13689,382,163.83,1,2.79,facebook,paid_social,ecohome_heating,feed
EcoHome_SmartHome,Set1,2024-10-11,23300,400,354.92,14,1.72,facebook,paid_social,ecohome_smarthome,stories
EcoHome_SmartHome,Set2,2024-10-11,12990,462,361.8,18,3.56,facebook,paid_social,ecohome_smarthome,feed
EcoHome_SmartHome,Set3,2024-10-11,23312,662,257.94,27,2.84,facebook,paid_social,ecohome_smarthome,stories
EcoHome_Solar,Set1,2024-10-11,19707,579,110.48,3,2.94,facebook,paid_social,ecohome_solar,stories
EcoHome_Solar,Set2,2024-10-11,17454,139,265.17,15,0.8,facebook,paid_social,ecohome_solar,stories
EcoHome_Solar,Set3,2024-10-11,20630,312,278.76,21,1.51,facebook,paid_social,ecohome_solar,stories
EcoHome_Heating,Set1,2024-10-11,23862,512,126.96,4,2.15,facebook,paid_social,ecohome_heating,stories
EcoHome_Heating,Set2,2024-10-11,23675,397,292.77,21,1.68,facebook,paid_social,ecohome_heating,feed
EcoHome_Heating,Set3,2024-10-11,10406,218,317.62,10,2.09,facebook,paid_social,ecohome_heating,feed
EcoHome_SmartHome,Set1,2024-10-18,7268,562,216.32,15,7.73,facebook,paid_social,ecohome_smarthome,stories
EcoHome_SmartHome,Set2,2024-10-18,20387,602,214.6,24,2.95,facebook,paid_social,ecohome_smarthome,stories
EcoHome_SmartHome,Set3,2024-10-18,20172,216,339.43,14,1.07,facebook,paid_social,ecohome_smarthome,feed
EcoHome_Solar,Set1,2024-10-18,22158,406,260.01,27,1.83,facebook,paid_social,ecohome_solar,stories
EcoHome_Solar,Set2,2024-10-18,18006,283,146.13,28,1.57,facebook,paid_social,ecohome_solar,stories
EcoHome_Solar,Set3,2024-10-18,10101,395,300.18,16,3.91,facebook,paid_social,ecohome_solar,feed
EcoHome_Heating,Set1,2024-10-18,7765,673,256.13,8,8.67,facebook,paid_social,ecohome_heating,feed
EcoHome_Heating,Set2,2024-10-18,6711,251,135.85,8,3.74,facebook,paid_social,ecohome_heating,stories
EcoHome_Heating,Set3,2024-10-18,11086,289,139.74,23,2.61,facebook,paid_social,ecohome_heating,feed
EcoHome_SmartHome,Set1,2024-10-25,18392,645,127.96,7,3.51,facebook,paid_social,ecohome_smarthome,feed
EcoHome_SmartHome,Set2,2024-10-25,22234,133,248.62,7,0.6,facebook,paid_social,ecohome_smarthome,feed
EcoHome_SmartHome,Set3,2024-10-25,14669,330,55.2,12,2.25,facebook,paid_social,ecohome_smarthome,feed
EcoHome_Solar,Set1,2024-10-25,13167,391,373.62,15,2.97,facebook,paid_social,ecohome_solar,stories
EcoHome_Solar,Set2,2024-10-25,20969,111,129.13,12,0.53,facebook,paid_social,ecohome_solar,stories
EcoHome_Solar,Set3,2024-10-25,19039,305,397.16,27,1.6,facebook,paid_social,ecohome_solar,stories
EcoHome_Heating,Set1,2024-10-25,21129,396,117.56,6,1.87,facebook,paid_social,ecohome_heating,feed
EcoHome_Heating,Set2,2024-10-25,13948,461,96.67,3,3.31,facebook,paid_social,ecohome_heating,stories
EcoHome_Heating,Set3,2024-10-25,18698,66,393.72,15,0.35,facebook,paid_social,ecohome_heating,stories
EcoHome_SmartHome,Set1,2024-11-01,10188,415,238.33,16,4.07,facebook,paid_social,ecohome_smarthome,stories
EcoHome_SmartHome,Set2,2024-11-01,6511,480,160.86,8,7.37,facebook,paid_social,ecohome_smarthome,stories
EcoHome_SmartHome,Set3,2024-11-01,13369,459,134.9,13,3.43,facebook,paid_social,ecohome_smarthome,stories
EcoHome_Solar,Set1,2024-11-01,7840,131,287.57,0,1.67,facebook,paid_social,ecohome_solar,stories
EcoHome_Solar,Set2,2024-11-01,8260,325,360.74,26,3.93,facebook,paid_social,ecohome_solar,stories
EcoHome_Solar,Set3,2024-11-01,13155,601,233.56,0,4.57,facebook,paid_social,ecohome_solar,stories
EcoHome_Heating,Set1,2024-11-01,24014,698,58.76,1,2.91,facebook,paid_social,ecohome_heating,stories
EcoHome_Heating,Set2,2024-11-01,10930,419,177.47,18,3.83,facebook,paid_social,ecohome_heating,feed
EcoHome_Heating,Set3,2024-11-01,18207,613,128.66,4,3.37,facebook,paid_social,ecohome_heating,feed
EcoHome_SmartHome,Set1,2024-11-08,19013,389,65.57,7,2.05,facebook,paid_social,ecohome_smarthome,stories
EcoHome_SmartHome,Set2,2024-11-08,7780,153,252.86,11,1.97,facebook,paid_social,ecohome_smarthome,stories
EcoHome_SmartHome,Set3,2024-11-08,17646,417,207.88,24,2.36,facebook,paid_social,ecohome_smarthome,stories
EcoHome_Solar,Set1,2024-11-08,9297,293,277.97,0,3.15,facebook,paid_social,ecohome_solar,feed
EcoHome_Solar,Set2,2024-11-08,22177,486,149.16,18,2.19,facebook,paid_social,ecohome_solar,feed
EcoHome_Solar,Set3,2024-11-08,6620,322,115.11,20,4.86,facebook,paid_social,ecohome_solar,feed
EcoHome_Heating,Set1,2024-11-08,14319,241,129.4,18,1.68,facebook,paid_social,ecohome_heating,stories
EcoHome_Heating,Set2,2024-11-08,23374,130,255.65,24,0.56,facebook,paid_social,ecohome_heating,stories
EcoHome_Heating,Set3,2024-11-08,12903,289,294.41,4,2.24,facebook,paid_social,ecohome_heating,feed
EcoHome_SmartHome,Set1,2024-11-15,16467,660,124.88,5,4.01,facebook,paid_social,ecohome_smarthome,feed
EcoHome_SmartHome,Set2,2024-11-15,9238,238,312.12,12,2.58,facebook,paid_social,ecohome_smarthome,stories
EcoHome_SmartHome,Set3,2024-11-15,7093,144,159.24,28,2.03,facebook,paid_social,ecohome_smarthome,feed
EcoHome_Solar,Set1,2024-11-15,16272,508,176.26,21,3.12,facebook,paid_social,ecohome_solar,stories
EcoHome_Solar,Set2,2024-11-15,13697,122,53.09,20,0.89,facebook,paid_social,ecohome_solar,stories
EcoHome_Solar,Set3,2024-11-15,12061,206,325.33,28,1.71,facebook,paid_social,ecohome_solar,stories
EcoHome_Heating,Set1,2024-11-15,5679,252,285.08,9,4.44,facebook,paid_social,ecohome_heating,feed
EcoHome_Heating,Set2,2024-11-15,16385,367,138.35,27,2.24,facebook,paid_social,ecohome_heating,stories
EcoHome_Heating,Set3,2024-11-15,17693,119,233.99,10,0.67,facebook,paid_social,ecohome_heating,stories
EcoHome_SmartHome,Set1,2024-11-22,7542,296,81.0,11,3.92,facebook,paid_social,ecohome_smarthome,feed
EcoHome_SmartHome,Set2,2024-11-22,14835,385,321.74,1,2.6,facebook,paid_social,ecohome_smarthome,stories
EcoHome_SmartHome,Set3,2024-11-22,14860,555,174.73,2,3.73,facebook,paid_social,ecohome_smarthome,stories
EcoHome_Solar,Set1,2024-11-22,10028,488,252.07,2,4.87,facebook,paid_social,ecohome_solar,feed
EcoHome_Solar,Set2,2024-11-22,23156,166,120.59,19,0.72,facebook,paid_social,ecohome_solar,stories
EcoHome_Solar,Set3,2024-11-22,11113,565,69.33,3,5.08,facebook,paid_social,ecohome_solar,stories
EcoHome_Heating,Set1,2024-11-22,7696,641,279.31,24,8.33,facebook,paid_social,ecohome_heating,stories
EcoHome_Heating,Set2,2024-11-22,21442,350,348.14,20,1.63,facebook,paid_social,ecohome_heating,feed
EcoHome_Heating,Set3,2024-11-22,16390,454,70.96,4,2.77,facebook,paid_social,ecohome_heating,feed
EcoHome_SmartHome,Set1,2024-11-29,11641,577,388.24,14,4.96,facebook,paid_social,ecohome_smarthome,feed
EcoHome_SmartHome,Set2,2024-11-29,6421,695,277.81,19,10.82,facebook,paid_social,ecohome_smarthome,stories
EcoHome_SmartHome,Set3,2024-11-29,9001,409,214.98,25,4.54,facebook,paid_social,ecohome_smarthome,feed
EcoHome_Solar,Set1,2024-11-29,23034,271,84.01,15,1.18,facebook,paid_social,ecohome_solar,feed
EcoHome_Solar,Set2,2024-11-29,8889,435,392.69,17,4.89,facebook,paid_social,ecohome_solar,feed
EcoHome_Solar,Set3,2024-11-29,16560,575,269.05,7,3.47,facebook,paid_social,ecohome_solar,feed
EcoHome_Heating,Set1,2024-11-29,22087,162,317.23,3,0.73,facebook,paid_social,ecohome_heating,feed
EcoHome_Heating,Set2,2024-11-29,6301,361,168.84,24,5.73,facebook,paid_social,ecohome_heating,stories
EcoHome_Heating,Set3,2024-11-29,9112,525,335.87,17,5.76,facebook,paid_social,ecohome_heating,feed
EcoHome_SmartHome,Set1,2024-12-06,13620,127,346.1,17,0.93,facebook,paid_social,ecohome_smarthome,stories
EcoHome_SmartHome,Set2,2024-12-06,14745,257,399.77,6,1.74,facebook,paid_social,ecohome_smarthome,stories
EcoHome_SmartHome,Set3,2024-12-06,23953,630,156.44,18,2.63,facebook,paid_social,ecohome_smarthome,feed
EcoHome_Solar,Set1,2024-12-06,6067,532,85.08,3,8.77,facebook,paid_social,ecohome_solar,feed
EcoHome_Solar,Set2,2024-12-06,11642,67,78.27,19,0.58,facebook,paid_social,ecohome_solar,stories
EcoHome_Solar,Set3,2024-12-06,6171,521,257.55,18,8.44,facebook,paid_social,ecohome_solar,feed
EcoHome_Heating,Set1,2024-12-06,14335,115,306.06,25,0.8,facebook,paid_social,ecohome_heating,feed
EcoHome_Heating,Set2,2024-12-06,9076,207,291.73,18,2.28,facebook,paid_social,ecohome_heating,stories
EcoHome_Heating,Set3,2024-12-06,16095,82,155.96,9,0.51,facebook,paid_social,ecohome_heating,stories
EcoHome_SmartHome,Set1,2024-12-13,14041,120,159.34,23,0.85,facebook,paid_social,ecohome_smarthome,feed
EcoHome_SmartHome,Set2,2024-12-13,11953,229,279.68,5,1.92,facebook,paid_social,ecohome_smarthome,stories
EcoHome_SmartHome,Set3,2024-12-13,8076,346,215.83,7,4.28,facebook,paid_social,ecohome_smarthome,feed
EcoHome_Solar,Set1,2024-12-13,17644,488,52.0,13,2.77,facebook,paid_social,ecohome_solar,stories
EcoHome_Solar,Set2,2024-12-13,9039,330,361.54,17,3.65,facebook,paid_social,ecohome_solar,feed
EcoHome_Solar,Set3,2024-12-13,8307,387,71.08,27,4.66,facebook,paid_social,ecohome_solar,stories
EcoHome_Heating,Set1,2024-12-13,8599,563,258.22,17,6.55,facebook,paid_social,ecohome_heating,feed
EcoHome_Heating,Set2,2024-12-13,21107,382,195.06,17,1.81,facebook,paid_social,ecohome_heating,feed
EcoHome_Heating,Set3,2024-12-13,14321,146,251.98,18,1.02,facebook,paid_social,ecohome_heating,stories
EcoHome_SmartHome,Set1,2024-12-20,16458,569,254.62,28,3.46,facebook,paid_social,ecohome_smarthome,feed
EcoHome_SmartHome,Set2,2024-12-20,22665,269,350.41,3,1.19,facebook,paid_social,ecohome_smarthome,stories
EcoHome_SmartHome,Set3,2024-12-20,15796,358,281.59,10,2.27,facebook,paid_social,ecohome_smarthome,feed
EcoHome_Solar,Set1,2024-12-20,20729,380,168.82,2,1.83,facebook,paid_social,ecohome_solar,feed
EcoHome_Solar,Set2,2024-12-20,10626,468,367.06,10,4.4,facebook,paid_social,ecohome_solar,feed
EcoHome_Solar,Set3,2024-12-20,22950,397,141.19,24,1.73,facebook,paid_social,ecohome_solar,stories
EcoHome_Heating,Set1,2024-12-20,8992,380,381.04,0,4.23,facebook,paid_social,ecohome_heating,feed
EcoHome_Heating,Set2,2024-12-20,16972,603,244.97,3,3.55,facebook,paid_social,ecohome_heating,stories
EcoHome_Heating,Set3,2024-12-20,5529,292,310.46,1,5.28,facebook,paid_social,ecohome_heating,feed
EcoHome_SmartHome,Set1,2024-12-27,18898,623,182.6,25,3.3,facebook,paid_social,ecohome_smarthome,stories
EcoHome_SmartHome,Set2,2024-12-27,18989,589,118.12,22,3.1,facebook,paid_social,ecohome_smarthome,feed
EcoHome_SmartHome,Set3,2024-12-27,5533,516,105.57,3,9.33,facebook,paid_social,ecohome_smarthome,stories
EcoHome_Solar,Set1,2024-12-27,9087,357,160.94,13,3.93,facebook,paid_social,ecohome_solar,stories
EcoHome_Solar,Set2,2024-12-27,10539,375,315.57,20,3.56,facebook,paid_social,ecohome_solar,stories
EcoHome_Solar,Set3,2024-12-27,9939,622,190.08,7,6.26,facebook,paid_social,ecohome_solar,stories
EcoHome_Heating,Set1,2024-12-27,14475,235,354.52,4,1.62,facebook,paid_social,ecohome_heating,stories
EcoHome_Heating,Set2,2024-12-27,14988,676,265.12,8,4.51,facebook,paid_social,ecohome_heating,feed
EcoHome_Heating,Set3,2024-12-27,22891,666,342.49,7,2.91,facebook,paid_social,ecohome_heating,feed
EcoHome_SmartHome,Set1,2025-01-03,17046,132,361.76,26,0.77,facebook,paid_social,ecohome_smarthome,feed
EcoHome_SmartHome,Set2,2025-01-03,17777,452,160.17,10,2.54,facebook,paid_social,ecohome_smarthome,feed
EcoHome_SmartHome,Set3,2025-01-03,18930,136,356.92,2,0.72,facebook,paid_social,ecohome_smarthome,stories
EcoHome_Solar,Set1,2025-01-03,23584,668,229.44,28,2.83,facebook,paid_social,ecohome_solar,stories
EcoHome_Solar,Set2,2025-01-03,11321,536,356.24,22,4.73,facebook,paid_social,ecohome_solar,stories
EcoHome_Solar,Set3,2025-01-03,13732,401,362.21,12,2.92,facebook,paid_social,ecohome_solar,feed
EcoHome_Heating,Set1,2025-01-03,17438,99,67.68,3,0.57,facebook,paid_social,ecohome_heating,stories
EcoHome_Heating,Set2,2025-01-03,10232,301,297.17,20,2.94,facebook,paid_social,ecohome_heating,stories
EcoHome_Heating,Set3,2025-01-03,9288,640,214.21,5,6.89,facebook,paid_social,ecohome_heating,feed
EcoHome_SmartHome,Set1,2025-01-10,15386,624,116.83,18,4.06,facebook,paid_social,ecohome_smarthome,feed
EcoHome_SmartHome,Set2,2025-01-10,24467,382,380.82,21,1.56,facebook,paid_social,ecohome_smarthome,stories
EcoHome_SmartHome,Set3,2025-01-10,19847,221,373.45,26,1.11,facebook,paid_social,ecohome_smarthome,stories
EcoHome_Solar,Set1,2025-01-10,21058,219,293.47,28,1.04,facebook,paid_social,ecohome_solar,stories
EcoHome_Solar,Set2,2025-01-10,24105,90,158.91,4,0.37,facebook,paid_social,ecohome_solar,feed
EcoHome_Solar,Set3,2025-01-10,8957,384,108.93,0,4.29,facebook,paid_social,ecohome_solar,stories
EcoHome_Heating,Set1,2025-01-10,21044,526,238.77,4,2.5,facebook,paid_social,ecohome_heating,stories
EcoHome_Heating,Set2,2025-01-10,14711,431,259.78,22,2.93,facebook,paid_social,ecohome_heating,stories
EcoHome_Heating,Set3,2025-01-10,21388,83,301.18,6,0.39,facebook,paid_social,ecohome_heating,feed
EcoHome_SmartHome,Set1,2025-01-17,5347,174,334.59,4,3.25,facebook,paid_social,ecohome_smarthome,feed
EcoHome_SmartHome,Set2,2025-01-17,10272,102,167.16,5,0.99,facebook,paid_social,ecohome_smarthome,stories
EcoHome_SmartHome,Set3,2025-01-17,6300,501,388.1,1,7.95,facebook,paid_social,ecohome_smarthome,stories
EcoHome_Solar,Set1,2025-01-17,17045,576,235.89,3,3.38,facebook,paid_social,ecohome_solar,feed
EcoHome_Solar,Set2,2025-01-17,7824,468,165.34,13,5.98,facebook,paid_social,ecohome_solar,stories
EcoHome_Solar,Set3,2025-01-17,18576,85,214.58,2,0.46,facebook,paid_social,ecohome_solar,stories
EcoHome_Heating,Set1,2025-01-17,13722,72,276.34,12,0.52,facebook,paid_social,ecohome_heating,feed
EcoHome_Heating,Set2,2025-01-17,23280,302,214.71,14,1.3,facebook,paid_social,ecohome_heating,feed
EcoHome_Heating,Set3,2025-01-17,5782,356,385.29,13,6.16,facebook,paid_social,ecohome_heating,stories
EcoHome_SmartHome,Set1,2025-01-24,19002,624,397.5,15,3.28,facebook,paid_social,ecohome_smarthome,stories
EcoHome_SmartHome,Set2,2025-01-24,12575,567,173.56,5,4.51,facebook,paid_social,ecohome_smarthome,feed
EcoHome_SmartHome,Set3,2025-01-24,19542,628,271.93,27,3.21,facebook,paid_social,ecohome_smarthome,stories
EcoHome_Solar,Set1,2025-01-24,6376,385,213.38,0,6.04,facebook,paid_social,ecohome_solar,stories
EcoHome_Solar,Set2,2025-01-24,11283,349,356.81,11,3.09,facebook,paid_social,ecohome_solar,feed
EcoHome_Solar,Set3,2025-01-24,23271,449,313.83,4,1.93,facebook,paid_social,ecohome_solar,stories
EcoHome_Heating,Set1,2025-01-24,20715,198,121.68,18,0.96,facebook,paid_social,ecohome_heating,feed
EcoHome_Heating,Set2,2025-01-24,22467,484,56.36,29,2.15,facebook,paid_social,ecohome_heating,feed
EcoHome_Heating,Set3,2025-01-24,15117,122,189.7,25,0.81,facebook,paid_social,ecohome_heating,stories
EcoHome_SmartHome,Set1,2025-01-31,13581,626,321.48,23,4.61,facebook,paid_social,ecohome_smarthome,feed
EcoHome_SmartHome,Set2,2025-01-31,11402,475,287.61,5,4.17,facebook,paid_social,ecohome_smarthome,feed
EcoHome_SmartHome,Set3,2025-01-31,17692,307,139.59,25,1.74,facebook,paid_social,ecohome_smarthome,stories
EcoHome_Solar,Set1,2025-01-31,13031,59,325.14,5,0.45,facebook,paid_social,ecohome_solar,feed
EcoHome_Solar,Set2,2025-01-31,10083,674,121.56,13,6.68,facebook,paid_social,ecohome_solar,feed
EcoHome_Solar,Set3,2025-01-31,22579,548,351.84,6,2.43,facebook,paid_social,ecohome_solar,feed
EcoHome_Heating,Set1,2025-01-31,9244,321,263.33,11,3.47,facebook,paid_social,ecohome_heating,feed
EcoHome_Heating,Set2,2025-01-31,22009,256,112.47,14,1.16,facebook,paid_social,ecohome_heating,feed
EcoHome_Heating,Set3,2025-01-31,5753,350,385.7,3,6.08,facebook,paid_social,ecohome_heating,stories
EcoHome_SmartHome,Set1,2025-02-07,20190,159,342.18,9,0.79,facebook,paid_social,ecohome_smarthome,stories
EcoHome_SmartHome,Set2,2025-02-07,8685,135,253.12,16,1.55,facebook,paid_social,ecohome_smarthome,feed
EcoHome_SmartHome,Set3,2025-02-07,20410,161,269.08,25,0.79,facebook,paid_social,ecohome_smarthome,feed
EcoHome_Solar,Set1,2025-02-07,18888,393,123.69,11,2.08,facebook,paid_social,ecohome_solar,stories
EcoHome_Solar,Set2,2025-02-07,14449,347,244.08,10,2.4,facebook,paid_social,ecohome_solar,stories
EcoHome_Solar,Set3,2025-02-07,21015,250,60.78,18,1.19,facebook,paid_social,ecohome_solar,feed
EcoHome_Heating,Set1,2025-02-07,24400,533,328.45,21,2.18,facebook,paid_social,ecohome_heating,stories
EcoHome_Heating,Set2,2025-02-07,8079,201,396.57,14,2.49,facebook,paid_social,ecohome_heating,stories
EcoHome_Heating,Set3,2025-02-07,8741,619,149.19,8,7.08,facebook,paid_social,ecohome_heating,stories
EcoHome_SmartHome,Set1,2025-02-14,19329,495,103.71,15,2.56,facebook,paid_social,ecohome_smarthome,stories
EcoHome_SmartHome,Set2,2025-02-14,12588,434,116.04,14,3.45,facebook,paid_social,ecohome_smarthome,stories
EcoHome_SmartHome,Set3,2025-02-14,7804,252,324.27,23,3.23,facebook,paid_social,ecohome_smarthome,feed
EcoHome_Solar,Set1,2025-02-14,9507,310,262.26,21,3.26,facebook,paid_social,ecohome_solar,stories
EcoHome_Solar,Set2,2025-02-14,21813,630,370.42,26,2.89,facebook,paid_social,ecohome_solar,stories
EcoHome_Solar,Set3,2025-02-14,9507,577,399.29,11,6.07,facebook,paid_social,ecohome_solar,stories
EcoHome_Heating,Set1,2025-02-14,22745,486,342.2,12,2.14,facebook,paid_social,ecohome_heating,feed
EcoHome_Heating,Set2,2025-02-14,11256,225,283.78,7,2.0,facebook,paid_social,ecohome_heating,stories
EcoHome_Heating,Set3,2025-02-14,20582,308,72.97,17,1.5,facebook,paid_social,ecohome_heating,stories
EcoHome_SmartHome,Set1,2025-02-21,9697,392,370.31,7,4.04,facebook,paid_social,ecohome_smarthome,feed
EcoHome_SmartHome,Set2,2025-02-21,12933,491,295.92,18,3.8,facebook,paid_social,ecohome_smarthome,stories
EcoHome_SmartHome,Set3,2025-02-21,11940,672,187.86,26,5.63,facebook,paid_social,ecohome_smarthome,feed
EcoHome_Solar,Set1,2025-02-21,9544,590,269.71,2,6.18,facebook,paid_social,ecohome_solar,feed
EcoHome_Solar,Set2,2025-02-21,5750,316,240.33,2,5.5,facebook,paid_social,ecohome_solar,stories
EcoHome_Solar,Set3,2025-02-21,12234,623,355.99,27,5.09,facebook,paid_social,ecohome_solar,stories
EcoHome_Heating,Set1,2025-02-21,19546,302,161.08,20,1.55,facebook,paid_social,ecohome_heating,feed
EcoHome_Heating,Set2,2025-02-21,14178,95,348.27,16,0.67,facebook,paid_social,ecohome_heating,feed
EcoHome_Heating,Set3,2025-02-21,17270,282,363.96,23,1.63,facebook,paid_social,ecohome_heating,feed
EcoHome_SmartHome,Set1,2025-02-28,16078,432,383.36,0,2.69,facebook,paid_social,ecohome_smarthome,feed
EcoHome_SmartHome,Set2,2025-02-28,24359,556,363.53,4,2.28,facebook,paid_social,ecohome_smarthome,stories
EcoHome_SmartHome,Set3,2025-02-28,15866,569,155.92,11,3.59,facebook,paid_social,ecohome_smarthome,feed
EcoHome_Solar,Set1,2025-02-28,10046,85,363.22,26,0.85,facebook,paid_social,ecohome_solar,feed
EcoHome_Solar,Set2,2025-02-28,14828,487,358.54,6,3.28,facebook,paid_social,ecohome_solar,feed
EcoHome_Solar,Set3,2025-02-28,24468,171,317.07,6,0.7,facebook,paid_social,ecohome_solar,stories
EcoHome_Heating,Set1,2025-02-28,22142,296,353.38,28,1.34,facebook,paid_social,ecohome_heating,feed
EcoHome_Heating,Set2,2025-02-28,19306,568,316.47,13,2.94,facebook,paid_social,ecohome_heating,stories
EcoHome_Heating,Set3,2025-02-28,16058,351,388.03,5,2.19,facebook,paid_social,ecohome_heating,feed
EcoHome_SmartHome,Set1,2025-03-07,9383,203,68.69,19,2.16,facebook,paid_social,ecohome_smarthome,stories
EcoHome_SmartHome,Set2,2025-03-07,12026,614,161.28,7,5.11,facebook,paid_social,ecohome_smarthome,feed
EcoHome_SmartHome,Set3,2025-03-07,11954,369,157.31,8,3.09,facebook,paid_social,ecohome_smarthome,feed
EcoHome_Solar,Set1,2025-03-07,14280,563,201.5,3,3.94,facebook,paid_social,ecohome_solar,stories
EcoHome_Solar,Set2,2025-03-07,16761,292,58.09,19,1.74,facebook,paid_social,ecohome_solar,feed
EcoHome_Solar,Set3,2025-03-07,23409,610,99.8,13,2.61,facebook,paid_social,ecohome_solar,feed
EcoHome_Heating,Set1,2025-03-07,19046,65,70.5,26,0.34,facebook,paid_social,ecohome_heating,stories
EcoHome_Heating,Set2,2025-03-07,23318,102,273.98,7,0.44,facebook,paid_social,ecohome_heating,stories
EcoHome_Heating,Set3,2025-03-07,11385,80,131.17,4,0.7,facebook,paid_social,ecohome_heating,feed
EcoHome_SmartHome,Set1,2025-03-14,12777,83,272.47,26,0.65,facebook,paid_social,ecohome_smarthome,feed
EcoHome_SmartHome,Set2,2025-03-14,8600,127,73.92,5,1.48,facebook,paid_social,ecohome_smarthome,feed
EcoHome_SmartHome,Set3,2025-03-14,24328,161,360.3,28,0.66,facebook,paid_social,ecohome_smarthome,feed
EcoHome_Solar,Set1,2025-03-14,15907,697,105.16,17,4.38,facebook,paid_social,ecohome_solar,feed
EcoHome_Solar,Set2,2025-03-14,22562,555,347.78,11,2.46,facebook,paid_social,ecohome_solar,stories
EcoHome_Solar,Set3,2025-03-14,5527,61,330.27,18,1.1,facebook,paid_social,ecohome_solar,feed
EcoHome_Heating,Set1,2025-03-14,15522,244,203.28,8,1.57,facebook,paid_social,ecohome_heating,feed
EcoHome_Heating,Set2,2025-03-14,18621,475,51.53,14,2.55,facebook,paid_social,ecohome_heating,feed
EcoHome_Heating,Set3,2025-03-14,15330,505,56.61,22,3.29,facebook,paid_social,ecohome_heating,feed
EcoHome_SmartHome,Set1,2025-03-21,22310,152,312.9,29,0.68,facebook,paid_social,ecohome_smarthome,stories
EcoHome_SmartHome,Set2,2025-03-21,21617,643,56.11,10,2.97,facebook,paid_social,ecohome_smarthome,stories
EcoHome_SmartHome,Set3,2025-03-21,5386,660,305.15,0,12.25,facebook,paid_social,ecohome_smarthome,stories
EcoHome_Solar,Set1,2025-03-21,6967,498,172.32,25,7.15,facebook,paid_social,ecohome_solar,stories
EcoHome_Solar,Set2,2025-03-21,13753,347,201.98,27,2.52,facebook,paid_social,ecohome_solar,stories
EcoHome_Solar,Set3,2025-03-21,15707,98,116.76,2,0.62,facebook,paid_social,ecohome_solar,feed
EcoHome_Heating,Set1,2025-03-21,20115,677,353.96,1,3.37,facebook,paid_social,ecohome_heating,stories
EcoHome_Heating,Set2,2025-03-21,11416,443,261.78,18,3.88,facebook,paid_social,ecohome_heating,stories
EcoHome_Heating,Set3,2025-03-21,7612,50,218.5,3,0.66,facebook,paid_social,ecohome_heating,feed
EcoHome_SmartHome,Set1,2025-03-28,24939,336,192.41,18,1.35,facebook,paid_social,ecohome_smarthome,feed
EcoHome_SmartHome,Set2,2025-03-28,6995,507,278.38,28,7.25,facebook,paid_social,ecohome_smarthome,stories
EcoHome_SmartHome,Set3,2025-03-28,5149,72,138.86,14,1.4,facebook,paid_social,ecohome_smarthome,stories
EcoHome_Solar,Set1,2025-03-28,19466,197,207.01,7,1.01,facebook,paid_social,ecohome_solar,feed
EcoHome_Solar,Set2,2025-03-28,13486,169,198.6,8,1.25,facebook,paid_social,ecohome_solar,stories
EcoHome_Solar,Set3,2025-03-28,23330,192,256.59,4,0.82,facebook,paid_social,ecohome_solar,feed
EcoHome_Heating,Set1,2025-03-28,15568,346,189.52,29,2.22,facebook,paid_social,ecohome_heating,stories
EcoHome_Heating,Set2,2025-03-28,20589,585,337.97,0,2.84,facebook,paid_social,ecohome_heating,feed
EcoHome_Heating,Set3,2025-03-28,21746,427,151.8,2,1.96,facebook,paid_social,ecohome_heating,feed
EcoHome_SmartHome,Set1,2025-04-04,5084,571,139.88,26,11.23,facebook,paid_social,ecohome_smarthome,stories
EcoHome_SmartHome,Set2,2025-04-04,17549,680,258.09,28,3.87,facebook,paid_social,ecohome_smarthome,stories
EcoHome_SmartHome,Set3,2025-04-04,12418,373,179.47,29,3.0,facebook,paid_social,ecohome_smarthome,stories
EcoHome_Solar,Set1,2025-04-04,16859,346,392.8,17,2.05,facebook,paid_social,ecohome_solar,feed
EcoHome_Solar,Set2,2025-04-04,9312,295,360.42,1,3.17,facebook,paid_social,ecohome_solar,stories
EcoHome_Solar,Set3,2025-04-04,24859,86,84.61,21,0.35,facebook,paid_social,ecohome_solar,feed
EcoHome_Heating,Set1,2025-04-04,6602,258,219.47,23,3.91,facebook,paid_social,ecohome_heating,feed
EcoHome_Heating,Set2,2025-04-04,12532,248,195.12,2,1.98,facebook,paid_social,ecohome_heating,feed
EcoHome_Heating,Set3,2025-04-04,18788,483,111.0,22,2.57,facebook,paid_social,ecohome_heating,feed
EcoHome_SmartHome,Set1,2025-04-11,8684,293,395.09,3,3.37,facebook,paid_social,ecohome_smarthome,stories
EcoHome_SmartHome,Set2,2025-04-11,15131,589,157.5,1,3.89,facebook,paid_social,ecohome_smarthome,feed
EcoHome_SmartHome,Set3,2025-04-11,9830,216,78.42,24,2.2,facebook,paid_social,ecohome_smarthome,stories
EcoHome_Solar,Set1,2025-04-11,22032,205,285.23,16,0.93,facebook,paid_social,ecohome_solar,feed
EcoHome_Solar,Set2,2025-04-11,11476,571,124.33,15,4.98,facebook,paid_social,ecohome_solar,feed
EcoHome_Solar,Set3,2025-04-11,11259,269,399.5,14,2.39,facebook,paid_social,ecohome_solar,stories
EcoHome_Heating,Set1,2025-04-11,8788,421,192.5,16,4.79,facebook,paid_social,ecohome_heating,feed
EcoHome_Heating,Set2,2025-04-11,13347,663,251.28,16,4.97,facebook,paid_social,ecohome_heating,feed
EcoHome_Heating,Set3,2025-04-11,18091,269,142.07,20,1.49,facebook,paid_social,ecohome_heating,feed
EcoHome_SmartHome,Set1,2025-04-18,6374,181,190.96,19,2.84,facebook,paid_social,ecohome_smarthome,feed
EcoHome_SmartHome,Set2,2025-04-18,8977,271,316.39,28,3.02,facebook,paid_social,ecohome_smarthome,stories
EcoHome_SmartHome,Set3,2025-04-18,8892,206,152.79,17,2.32,facebook,paid_social,ecohome_smarthome,feed
EcoHome_Solar,Set1,2025-04-18,5111,187,171.67,29,3.66,facebook,paid_social,ecohome_solar,feed
EcoHome_Solar,Set2,2025-04-18,13352,451,144.76,20,3.38,facebook,paid_social,ecohome_solar,feed
EcoHome_Solar,Set3,2025-04-18,15107,85,357.89,21,0.56,facebook,paid_social,ecohome_solar,stories
EcoHome_Heating,Set1,2025-04-18,9281,223,382.13,25,2.4,facebook,paid_social,ecohome_heating,feed
EcoHome_Heating,Set2,2025-04-18,17198,328,64.72,1,1.91,facebook,paid_social,ecohome_heating,stories
EcoHome_Heating,Set3,2025-04-18,8830,159,269.7,6,1.8,facebook,paid_social,ecohome_heating,feed
EcoHome_SmartHome,Set1,2025-04-25,21668,470,349.1,3,2.17,facebook,paid_social,ecohome_smarthome,feed
EcoHome_SmartHome,Set2,2025-04-25,17076,577,125.68,1,3.38,facebook,paid_social,ecohome_smarthome,stories
EcoHome_SmartHome,Set3,2025-04-25,6401,495,88.7,23,7.73,facebook,paid_social,ecohome_smarthome,stories
EcoHome_Solar,Set1,2025-04-25,9816,581,91.79,12,5.92,facebook,paid_social,ecohome_solar,stories
EcoHome_Solar,Set2,2025-04-25,11834,539,367.19,17,4.55,facebook,paid_social,ecohome_solar,feed
EcoHome_Solar,Set3,2025-04-25,20827,73,297.85,25,0.35,facebook,paid_social,ecohome_solar,feed
EcoHome_Heating,Set1,2025-04-25,11470,235,218.45,0,2.05,facebook,paid_social,ecohome_heating,stories
EcoHome_Heating,Set2,2025-04-25,17721,257,65.05,3,1.45,facebook,paid_social,ecohome_heating,stories
EcoHome_Heating,Set3,2025-04-25,14497,418,248.21,22,2.88,facebook,paid_social,ecohome_heating,feed
EcoHome_SmartHome,Set1,2025-05-02,21950,442,247.68,17,2.01,facebook,paid_social,ecohome_smarthome,feed
EcoHome_SmartHome,Set2,2025-05-02,11995,121,160.91,20,1.01,facebook,paid_social,ecohome_smarthome,feed
EcoHome_SmartHome,Set3,2025-05-02,23066,270,354.42,21,1.17,facebook,paid_social,ecohome_smarthome,stories
EcoHome_Solar,Set1,2025-05-02,13490,91,51.38,11,0.67,facebook,paid_social,ecohome_solar,feed
EcoHome_Solar,Set2,2025-05-02,8854,96,314.03,25,1.08,facebook,paid_social,ecohome_solar,feed
EcoHome_Solar,Set3,2025-05-02,22094,258,80.46,6,1.17,facebook,paid_social,ecohome_solar,stories
EcoHome_Heating,Set1,2025-05-02,21002,462,371.1,19,2.2,facebook,paid_social,ecohome_heating,stories
EcoHome_Heating,Set2,2025-05-02,12693,205,225.57,25,1.62,facebook,paid_social,ecohome_heating,feed
EcoHome_Heating,Set3,2025-05-02,15590,118,273.84,14,0.76,facebook,paid_social,ecohome_heating,feed
EcoHome_SmartHome,Set1,2025-05-09,8123,112,352.07,26,1.38,facebook,paid_social,ecohome_smarthome,stories
EcoHome_SmartHome,Set2,2025-05-09,10543,414,162.31,14,3.93,facebook,paid_social,ecohome_smarthome,feed
EcoHome_SmartHome,Set3,2025-05-09,10235,565,143.03,9,5.52,facebook,paid_social,ecohome_smarthome,feed
EcoHome_Solar,Set1,2025-05-09,21709,65,95.24,8,0.3,facebook,paid_social,ecohome_solar,feed
EcoHome_Solar,Set2,2025-05-09,7426,211,296.16,3,2.84,facebook,paid_social,ecohome_solar,feed
EcoHome_Solar,Set3,2025-05-09,16336,246,378.21,2,1.51,facebook,paid_social,ecohome_solar,stories
EcoHome_Heating,Set1,2025-05-09,19178,439,349.43,9,2.29,facebook,paid_social,ecohome_heating,feed
EcoHome_Heating,Set2,2025-05-09,16480,135,325.02,21,0.82,facebook,paid_social,ecohome_heating,stories
EcoHome_Heating,Set3,2025-05-09,8006,464,152.67,0,5.8,facebook,paid_social,ecohome_heating,feed
EcoHome_SmartHome,Set1,2025-05-16,23968,469,326.91,25,1.96,facebook,paid_social,ecohome_smarthome,feed
EcoHome_SmartHome,Set2,2025-05-16,18869,699,316.2,0,3.7,facebook,paid_social,ecohome_smarthome,stories
EcoHome_SmartHome,Set3,2025-05-16,9507,449,254.31,7,4.72,facebook,paid_social,ecohome_smarthome,stories
EcoHome_Solar,Set1,2025-05-16,24919,297,359.64,0,1.19,facebook,paid_social,ecohome_solar,stories
EcoHome_Solar,Set2,2025-05-16,20819,554,268.27,12,2.66,facebook,paid_social,ecohome_solar,stories
EcoHome_Solar,Set3,2025-05-16,5848,81,337.86,7,1.39,facebook,paid_social,ecohome_solar,stories
EcoHome_Heating,Set1,2025-05-16,17478,123,85.06,6,0.7,facebook,paid_social,ecohome_heating,stories
EcoHome_Heating,Set2,2025-05-16,19755,522,55.79,26,2.64,facebook,paid_social,ecohome_heating,feed
EcoHome_Heating,Set3,2025-05-16,11473,388,253.15,14,3.38,facebook,paid_social,ecohome_heating,stories
EcoHome_SmartHome,Set1,2025-05-23,11017,654,361.39,17,5.94,facebook,paid_social,ecohome_smarthome,feed
EcoHome_SmartHome,Set2,2025-05-23,15832,315,209.57,8,1.99,facebook,paid_social,ecohome_smarthome,feed
EcoHome_SmartHome,Set3,2025-05-23,22211,285,238.47,27,1.28,facebook,paid_social,ecohome_smarthome,feed
EcoHome_Solar,Set1,2025-05-23,8385,429,174.37,18,5.12,facebook,paid_social,ecohome_solar,stories
EcoHome_Solar,Set2,2025-05-23,19387,692,57.41,16,3.57,facebook,paid_social,ecohome_solar,feed
EcoHome_Solar,Set3,2025-05-23,9352,234,366.92,17,2.5,facebook,paid_social,ecohome_solar,stories
EcoHome_Heating,Set1,2025-05-23,13437,236,265.91,1,1.76,facebook,paid_social,ecohome_heating,stories
EcoHome_Heating,Set2,2025-05-23,5600,686,107.48,25,12.25,facebook,paid_social,ecohome_heating,feed
EcoHome_Heating,Set3,2025-05-23,23440,399,144.91,28,1.7,facebook,paid_social,ecohome_heating,feed
EcoHome_SmartHome,Set1,2025-05-30,21741,427,314.63,8,1.96,facebook,paid_social,ecohome_smarthome,feed
EcoHome_SmartHome,Set2,2025-05-30,9797,285,306.9,4,2.91,facebook,paid_social,ecohome_smarthome,stories
EcoHome_SmartHome,Set3,2025-05-30,23763,581,141.39,6,2.44,facebook,paid_social,ecohome_smarthome,feed
EcoHome_Solar,Set1,2025-05-30,15782,68,374.51,10,0.43,facebook,paid_social,ecohome_solar,feed
EcoHome_Solar,Set2,2025-05-30,22245,162,394.56,9,0.73,facebook,paid_social,ecohome_solar,feed
EcoHome_Solar,Set3,2025-05-30,6622,448,166.47,12,6.77,facebook,paid_social,ecohome_solar,stories
EcoHome_Heating,Set1,2025-05-30,18955,515,74.43,0,2.72,facebook,paid_social,ecohome_heating,stories
EcoHome_Heating,Set2,2025-05-30,21673,205,291.35,15,0.95,facebook,paid_social,ecohome_heating,feed
EcoHome_Heating,Set3,2025-05-30,13758,499,293.39,28,3.63,facebook,paid_social,ecohome_heating,feed
EcoHome_SmartHome,Set1,2025-06-06,23371,555,352.63,2,2.37,facebook,paid_social,ecohome_smarthome,stories
EcoHome_SmartHome,Set2,2025-06-06,19281,229,249.3,20,1.19,facebook,paid_social,ecohome_smarthome,feed
EcoHome_SmartHome,Set3,2025-06-06,19106,336,246.65,0,1.76,facebook,paid_social,ecohome_smarthome,stories
EcoHome_Solar,Set1,2025-06-06,20882,211,223.84,20,1.01,facebook,paid_social,ecohome_solar,feed
EcoHome_Solar,Set2,2025-06-06,5468,70,331.84,12,1.28,facebook,paid_social,ecohome_solar,stories
EcoHome_Solar,Set3,2025-06-06,22523,462,341.69,12,2.05,facebook,paid_social,ecohome_solar,stories
EcoHome_Heating,Set1,2025-06-06,24390,306,63.41,20,1.25,facebook,paid_social,ecohome_heating,stories
EcoHome_Heating,Set2,2025-06-06,15254,99,71.2,6,0.65,facebook,paid_social,ecohome_heating,stories
EcoHome_Heating,Set3,2025-06-06,21688,245,62.84,3,1.13,facebook,paid_social,ecohome_heating,feed
EcoHome_SmartHome,Set1,2025-06-13,15176,504,377.55,15,3.32,facebook,paid_social,ecohome_smarthome,stories
EcoHome_SmartHome,Set2,2025-06-13,16390,224,368.4,8,1.37,facebook,paid_social,ecohome_smarthome,stories
EcoHome_SmartHome,Set3,2025-06-13,19614,412,247.85,18,2.1,facebook,paid_social,ecohome_smarthome,stories
EcoHome_Solar,Set1,2025-06-13,13783,194,297.34,26,1.41,facebook,paid_social,ecohome_solar,feed
EcoHome_Solar,Set2,2025-06-13,21208,412,52.92,14,1.94,facebook,paid_social,ecohome_solar,stories
EcoHome_Solar,Set3,2025-06-13,13685,595,127.43,7,4.35,facebook,paid_social,ecohome_solar,feed
EcoHome_Heating,Set1,2025-06-13,14732,225,106.03,21,1.53,facebook,paid_social,ecohome_heating,stories
EcoHome_Heating,Set2,2025-06-13,24478,367,156.84,16,1.5,facebook,paid_social,ecohome_heating,stories
EcoHome_Heating,Set3,2025-06-13,8675,669,283.29,23,7.71,facebook,paid_social,ecohome_heating,stories
EcoHome_SmartHome,Set1,2025-06-20,20136,225,200.45,11,1.12,facebook,paid_social,ecohome_smarthome,feed
EcoHome_SmartHome,Set2,2025-06-20,9848,405,397.2,6,4.11,facebook,paid_social,ecohome_smarthome,feed
EcoHome_SmartHome,Set3,2025-06-20,20554,572,216.88,25,2.78,facebook,paid_social,ecohome_smarthome,feed
EcoHome_Solar,Set1,2025-06-20,19531,194,112.0,29,0.99,facebook,paid_social,ecohome_solar,stories
EcoHome_Solar,Set2,2025-06-20,18404,309,252.28,28,1.68,facebook,paid_social,ecohome_solar,feed
EcoHome_Solar,Set3,2025-06-20,17572,533,295.8,5,3.03,facebook,paid_social,ecohome_solar,feed
EcoHome_Heating,Set1,2025-06-20,21638,313,335.76,12,1.45,facebook,paid_social,ecohome_heating,stories
EcoHome_Heating,Set2,2025-06-20,21120,262,320.66,15,1.24,facebook,paid_social,ecohome_heating,stories
EcoHome_Heating,Set3,2025-06-20,6852,161,200.57,26,2.35,facebook,paid_social,ecohome_heating,stories
EcoHome_SmartHome,Set1,2025-06-27,13303,136,115.97,12,1.02,facebook,paid_social,ecohome_smarthome,feed
EcoHome_SmartHome,Set2,2025-06-27,11958,139,134.78,13,1.16,facebook,paid_social,ecohome_smarthome,feed
EcoHome_SmartHome,Set3,2025-06-27,21925,667,399.68,9,3.04,facebook,paid_social,ecohome_smarthome,feed
EcoHome_Solar,Set1,2025-06-27,17125,568,271.91,13,3.32,facebook,paid_social,ecohome_solar,stories
EcoHome_Solar,Set2,2025-06-27,18708,123,257.78,5,0.66,facebook,paid_social,ecohome_solar,feed
EcoHome_Solar,Set3,2025-06-27,10966,682,393.71,7,6.22,facebook,paid_social,ecohome_solar,feed
EcoHome_Heating,Set1,2025-06-27,10203,64,334.92,29,0.63,facebook,paid_social,ecohome_heating,feed
EcoHome_Heating,Set2,2025-06-27,7366,441,150.78,15,5.99,facebook,paid_social,ecohome_heating,feed
EcoHome_Heating,Set3,2025-06-27,20647,427,365.82,17,2.07,facebook,paid_social,ecohome_heating,feed
EcoHome_SmartHome,Set1,2025-07-04,24623,319,174.88,5,1.3,facebook,paid_social,ecohome_smarthome,stories
EcoHome_SmartHome,Set2,2025-07-04,21759,138,368.71,24,0.63,facebook,paid_social,ecohome_smarthome,stories
EcoHome_SmartHome,Set3,2025-07-04,20903,190,254.61,23,0.91,facebook,paid_social,ecohome_smarthome,stories
EcoHome_Solar,Set1,2025-07-04,18571,328,304.31,20,1.77,facebook,paid_social,ecohome_solar,stories
EcoHome_Solar,Set2,2025-07-04,17943,116,215.96,25,0.65,facebook,paid_social,ecohome_solar,stories
EcoHome_Solar,Set3,2025-07-04,10912,328,377.87,0,3.01,facebook,paid_social,ecohome_solar,feed
EcoHome_Heating,Set1,2025-07-04,5398,177,272.22,16,3.28,facebook,paid_social,ecohome_heating,stories
EcoHome_Heating,Set2,2025-07-04,11329,218,125.84,12,1.92,facebook,paid_social,ecohome_heating,stories
EcoHome_Heating,Set3,2025-07-04,7568,520,385.46,19,6.87,facebook,paid_social,ecohome_heating,stories
EcoHome_SmartHome,Set1,2025-07-11,8904,551,275.58,26,6.19,facebook,paid_social,ecohome_smarthome,feed
EcoHome_SmartHome,Set2,2025-07-11,14815,512,205.42,24,3.46,facebook,paid_social,ecohome_smarthome,feed
EcoHome_SmartHome,Set3,2025-07-11,24604,237,211.18,3,0.96,facebook,paid_social,ecohome_smarthome,stories
EcoHome_Solar,Set1,2025-07-11,24946,525,336.26,10,2.1,facebook,paid_social,ecohome_solar,stories
EcoHome_Solar,Set2,2025-07-11,21137,686,196.11,6,3.25,facebook,paid_social,ecohome_solar,feed
EcoHome_Solar,Set3,2025-07-11,20634,637,305.67,14,3.09,facebook,paid_social,ecohome_solar,feed
EcoHome_Heating,Set1,2025-07-11,5375,207,195.17,28,3.85,facebook,paid_social,ecohome_heating,feed
EcoHome_Heating,Set2,2025-07-11,11218,429,359.36,29,3.82,facebook,paid_social,ecohome_heating,stories
EcoHome_Heating,Set3,2025-07-11,18073,157,90.18,4,0.87,facebook,paid_social,ecohome_heating,stories
EcoHome_SmartHome,Set1,2025-07-18,15046,317,135.01,29,2.11,facebook,paid_social,ecohome_smarthome,feed
EcoHome_SmartHome,Set2,2025-07-18,9965,136,161.34,29,1.36,facebook,paid_social,ecohome_smarthome,stories
EcoHome_SmartHome,Set3,2025-07-18,22373,446,354.81,16,1.99,facebook,paid_social,ecohome_smarthome,stories
EcoHome_Solar,Set1,2025-07-18,12342,360,133.55,2,2.92,facebook,paid_social,ecohome_solar,feed
EcoHome_Solar,Set2,2025-07-18,8743,457,106.92,29,5.23,facebook,paid_social,ecohome_solar,feed
EcoHome_Solar,Set3,2025-07-18,21239,374,327.28,9,1.76,facebook,paid_social,ecohome_solar,feed
EcoHome_Heating,Set1,2025-07-18,14886,251,219.52,21,1.69,facebook,paid_social,ecohome_heating,stories
EcoHome_Heating,Set2,2025-07-18,7335,652,133.86,20,8.89,facebook,paid_social,ecohome_heating,stories
EcoHome_Heating,Set3,2025-07-18,13083,152,110.69,26,1.16,facebook,paid_social,ecohome_heating,feed
EcoHome_SmartHome,Set1,2025-07-25,24469,665,302.65,17,2.72,facebook,paid_social,ecohome_smarthome,stories
EcoHome_SmartHome,Set2,2025-07-25,12772,476,67.25,2,3.73,facebook,paid_social,ecohome_smarthome,feed
EcoHome_SmartHome,Set3,2025-07-25,21289,564,346.22,4,2.65,facebook,paid_social,ecohome_smarthome,stories
EcoHome_Solar,Set1,2025-07-25,18663,115,65.91,4,0.62,facebook,paid_social,ecohome_solar,feed
EcoHome_Solar,Set2,2025-07-25,5666,648,256.19,26,11.44,facebook,paid_social,ecohome_solar,stories
EcoHome_Solar,Set3,2025-07-25,22620,649,241.28,11,2.87,facebook,paid_social,ecohome_solar,stories
EcoHome_Heating,Set1,2025-07-25,11359,226,205.33,16,1.99,facebook,paid_social,ecohome_heating,feed
EcoHome_Heating,Set2,2025-07-25,12617,656,185.5,3,5.2,facebook,paid_social,ecohome_heating,feed
EcoHome_Heating,Set3,2025-07-25,9971,247,59.91,19,2.48,facebook,paid_social,ecohome_heating,feed
EcoHome_SmartHome,Set1,2025-08-01,7504,525,99.64,7,7.0,facebook,paid_social,ecohome_smarthome,feed
EcoHome_SmartHome,Set2,2025-08-01,12943,295,187.1,27,2.28,facebook,paid_social,ecohome_smarthome,feed
EcoHome_SmartHome,Set3,2025-08-01,15246,237,381.38,4,1.55,facebook,paid_social,ecohome_smarthome,feed
EcoHome_Solar,Set1,2025-08-01,22532,64,386.0,12,0.28,facebook,paid_social,ecohome_solar,stories
EcoHome_Solar,Set2,2025-08-01,12407,409,388.59,6,3.3,facebook,paid_social,ecohome_solar,stories
EcoHome_Solar,Set3,2025-08-01,16419,679,362.32,2,4.14,facebook,paid_social,ecohome_solar,feed
EcoHome_Heating,Set1,2025-08-01,19016,448,79.74,7,2.36,facebook,paid_social,ecohome_heating,feed
EcoHome_Heating,Set2,2025-08-01,14966,411,354.43,4,2.75,facebook,paid_social,ecohome_heating,feed
EcoHome_Heating,Set3,2025-08-01,6010,638,385.94,21,10.62,facebook,paid_social,ecohome_heating,stories
EcoHome_SmartHome,Set1,2025-08-08,14369,97,123.74,10,0.68,facebook,paid_social,ecohome_smarthome,feed
EcoHome_SmartHome,Set2,2025-08-08,16370,222,111.09,13,1.36,facebook,paid_social,ecohome_smarthome,stories
EcoHome_SmartHome,Set3,2025-08-08,21935,496,251.92,20,2.26,facebook,paid_social,ecohome_smarthome,feed
EcoHome_Solar,Set1,2025-08-08,8051,252,228.55,13,3.13,facebook,paid_social,ecohome_solar,stories
EcoHome_Solar,Set2,2025-08-08,22473,529,181.86,21,2.35,facebook,paid_social,ecohome_solar,feed
EcoHome_Solar,Set3,2025-08-08,9721,208,385.2,23,2.14,facebook,paid_social,ecohome_solar,feed
EcoHome_Heating,Set1,2025-08-08,18227,576,125.87,5,3.16,facebook,paid_social,ecohome_heating,stories
EcoHome_Heating,Set2,2025-08-08,10146,61,347.88,22,0.6,facebook,paid_social,ecohome_heating,stories
EcoHome_Heating,Set3,2025-08-08,18601,593,175.2,10,3.19,facebook,paid_social,ecohome_heating,feed
EcoHome_SmartHome,Set1,2025-08-15,9301,604,188.61,15,6.49,facebook,paid_social,ecohome_smarthome,feed
EcoHome_SmartHome,Set2,2025-08-15,21632,123,105.98,14,0.57,facebook,paid_social,ecohome_smarthome,stories
EcoHome_SmartHome,Set3,2025-08-15,11966,493,202.98,25,4.12,facebook,paid_social,ecohome_smarthome,feed
EcoHome_Solar,Set1,2025-08-15,22061,587,124.35,2,2.66,facebook,paid_social,ecohome_solar,stories
EcoHome_Solar,Set2,2025-08-15,8656,164,375.7,17,1.89,facebook,paid_social,ecohome_solar,feed
EcoHome_Solar,Set3,2025-08-15,21139,564,392.03,5,2.67,facebook,paid_social,ecohome_solar,feed
EcoHome_Heating,Set1,2025-08-15,21261,676,136.06,8,3.18,facebook,paid_social,ecohome_heating,feed
EcoHome_Heating,Set2,2025-08-15,9758,317,303.39,29,3.25,facebook,paid_social,ecohome_heating,stories
EcoHome_Heating,Set3,2025-08-15,6868,89,61.33,16,1.3,facebook,paid_social,ecohome_heating,feed
EcoHome_SmartHome,Set1,2025-08-22,24728,168,171.32,23,0.68,facebook,paid_social,ecohome_smarthome,stories
EcoHome_SmartHome,Set2,2025-08-22,23940,141,269.6,20,0.59,facebook,paid_social,ecohome_smarthome,feed
EcoHome_SmartHome,Set3,2025-08-22,20149,94,145.56,5,0.47,facebook,paid_social,ecohome_smarthome,feed
EcoHome_Solar,Set1,2025-08-22,15473,424,309.18,20,2.74,facebook,paid_social,ecohome_solar,feed
EcoHome_Solar,Set2,2025-08-22,11168,444,355.56,3,3.98,facebook,paid_social,ecohome_solar,stories
EcoHome_Solar,Set3,2025-08-22,5863,579,141.69,0,9.88,facebook,paid_social,ecohome_solar,stories
EcoHome_Heating,Set1,2025-08-22,13129,640,346.65,3,4.87,facebook,paid_social,ecohome_heating,stories
EcoHome_Heating,Set2,2025-08-22,10106,390,388.88,19,3.86,facebook,paid_social,ecohome_heating,stories
EcoHome_Heating,Set3,2025-08-22,13291,88,297.48,21,0.66,facebook,paid_social,ecohome_heating,feed
EcoHome_SmartHome,Set1,2025-08-29,7737,379,215.56,26,4.9,facebook,paid_social,ecohome_smarthome,stories
EcoHome_SmartHome,Set2,2025-08-29,17173,172,357.17,10,1.0,facebook,paid_social,ecohome_smarthome,stories
EcoHome_SmartHome,Set3,2025-08-29,16284,239,103.99,6,1.47,facebook,paid_social,ecohome_smarthome,stories
EcoHome_Solar,Set1,2025-08-29,15338,412,396.18,20,2.69,facebook,paid_social,ecohome_solar,stories
EcoHome_Solar,Set2,2025-08-29,17343,71,145.39,9,0.41,facebook,paid_social,ecohome_solar,stories
EcoHome_Solar,Set3,2025-08-29,22632,684,342.51,26,3.02,facebook,paid_social,ecohome_solar,stories
EcoHome_Heating,Set1,2025-08-29,16330,694,255.58,11,4.25,facebook,paid_social,ecohome_heating,stories
EcoHome_Heating,Set2,2025-08-29,22044,454,215.82,4,2.06,facebook,paid_social,ecohome_heating,feed
EcoHome_Heating,Set3,2025-08-29,5319,226,322.56,8,4.25,facebook,paid_social,ecohome_heating,stories
EcoHome_SmartHome,Set1,2025-09-05,23151,582,373.15,14,2.51,facebook,paid_social,ecohome_smarthome,feed
EcoHome_SmartHome,Set2,2025-09-05,5282,569,153.06,14,10.77,facebook,paid_social,ecohome_smarthome,stories
EcoHome_SmartHome,Set3,2025-09-05,20302,96,187.09,17,0.47,facebook,paid_social,ecohome_smarthome,stories
EcoHome_Solar,Set1,2025-09-05,21373,419,269.86,2,1.96,facebook,paid_social,ecohome_solar,stories
EcoHome_Solar,Set2,2025-09-05,11957,110,264.22,15,0.92,facebook,paid_social,ecohome_solar,stories
EcoHome_Solar,Set3,2025-09-05,14973,182,206.31,5,1.22,facebook,paid_social,ecohome_solar,stories
EcoHome_Heating,Set1,2025-09-05,5037,617,171.65,23,12.25,facebook,paid_social,ecohome_heating,stories
EcoHome_Heating,Set2,2025-09-05,15856,523,114.25,11,3.3,facebook,paid_social,ecohome_heating,feed
EcoHome_Heating,Set3,2025-09-05,20577,616,219.67,7,2.99,facebook,paid_social,ecohome_heating,feed
EcoHome_SmartHome,Set1,2025-09-12,14725,676,261.35,4,4.59,facebook,paid_social,ecohome_smarthome,feed
EcoHome_SmartHome,Set2,2025-09-12,16026,178,296.0,0,1.11,facebook,paid_social,ecohome_smarthome,feed
EcoHome_SmartHome,Set3,2025-09-12,9787,182,257.64,25,1.86,facebook,paid_social,ecohome_smarthome,stories
EcoHome_Solar,Set1,2025-09-12,7581,290,387.89,3,3.83,facebook,paid_social,ecohome_solar,stories
EcoHome_Solar,Set2,2025-09-12,15404,689,373.43,10,4.47,facebook,paid_social,ecohome_solar,stories
EcoHome_Solar,Set3,2025-09-12,20015,654,280.52,20,3.27,facebook,paid_social,ecohome_solar,stories
EcoHome_Heating,Set1,2025-09-12,6104,296,351.64,8,4.85,facebook,paid_social,ecohome_heating,stories
EcoHome_Heating,Set2,2025-09-12,8646,356,131.41,6,4.12,facebook,paid_social,ecohome_heating,stories
EcoHome_Heating,Set3,2025-09-12,14145,564,232.52,23,3.99,facebook,paid_social,ecohome_heating,feed
EcoHome_SmartHome,Set1,2025-09-19,21365,611,51.74,25,2.86,facebook,paid_social,ecohome_smarthome,feed
EcoHome_SmartHome,Set2,2025-09-19,24421,490,165.84,14,2.01,facebook,paid_social,ecohome_smarthome,feed
EcoHome_SmartHome,Set3,2025-09-19,15181,387,85.1,23,2.55,facebook,paid_social,ecohome_smarthome,feed
EcoHome_Solar,Set1,2025-09-19,7064,432,212.97,27,6.12,facebook,paid_social,ecohome_solar,feed
EcoHome_Solar,Set2,2025-09-19,12975,394,144.94,11,3.04,facebook,paid_social,ecohome_solar,feed
EcoHome_Solar,Set3,2025-09-19,11243,487,73.64,10,4.33,facebook,paid_social,ecohome_solar,stories
EcoHome_Heating,Set1,2025-09-19,11467,351,364.38,16,3.06,facebook,paid_social,ecohome_heating,stories
EcoHome_Heating,Set2,2025-09-19,20303,341,85.99,3,1.68,facebook,paid_social,ecohome_heating,stories
EcoHome_Heating,Set3,2025-09-19,22933,385,374.54,3,1.68,facebook,paid_social,ecohome_heating,feed
EcoHome_SmartHome,Set1,2025-09-26,10246,567,78.8,6,5.53,facebook,paid_social,ecohome_smarthome,feed
EcoHome_SmartHome,Set2,2025-09-26,6906,281,321.61,2,4.07,facebook,paid_social,ecohome_smarthome,feed
EcoHome_SmartHome,Set3,2025-09-26,9928,664,181.16,29,6.69,facebook,paid_social,ecohome_smarthome,stories
EcoHome_Solar,Set1,2025-09-26,22184,327,160.09,13,1.47,facebook,paid_social,ecohome_solar,stories
EcoHome_Solar,Set2,2025-09-26,6238,488,338.21,11,7.82,facebook,paid_social,ecohome_solar,feed
EcoHome_Solar,Set3,2025-09-26,10620,512,317.19,22,4.82,facebook,paid_social,ecohome_solar,stories
EcoHome_Heating,Set1,2025-09-26,16723,626,63.79,17,3.74,facebook,paid_social,ecohome_heating,feed
EcoHome_Heating,Set2,2025-09-26,10441,505,249.44,25,4.84,facebook,paid_social,ecohome_heating,stories
EcoHome_Heating,Set3,2025-09-26,22800,144,297.5,10,0.63,facebook,paid_social,ecohome_heating,stories
EcoHome_SmartHome,Set1,2025-10-03,19071,575,309.28,23,3.02,facebook,paid_social,ecohome_smarthome,feed
EcoHome_SmartHome,Set2,2025-10-03,24018,425,186.21,18,1.77,facebook,paid_social,ecohome_smarthome,stories
EcoHome_SmartHome,Set3,2025-10-03,24874,597,276.0,27,2.4,facebook,paid_social,ecohome_smarthome,feed
EcoHome_Solar,Set1,2025-10-03,8845,234,168.64,13,2.65,facebook,paid_social,ecohome_solar,feed
EcoHome_Solar,Set2,2025-10-03,7288,540,191.47,28,7.41,facebook,paid_social,ecohome_solar,feed
EcoHome_Solar,Set3,2025-10-03,12263,539,139.75,25,4.4,facebook,paid_social,ecohome_solar,feed
EcoHome_Heating,Set1,2025-10-03,13464,268,259.71,18,1.99,facebook,paid_social,ecohome_heating,stories
EcoHome_Heating,Set2,2025-10-03,14367,396,256.33,14,2.76,facebook,paid_social,ecohome_heating,feed
EcoHome_Heating,Set3,2025-10-03,19714,477,145.9,19,2.42,facebook,paid_social,ecohome_heating,stories
EcoHome_SmartHome,Set1,2025-10-10,21424,358,56.0,21,1.67,facebook,paid_social,ecohome_smarthome,stories
EcoHome_SmartHome,Set2,2025-10-10,6941,591,181.27,15,8.51,facebook,paid_social,ecohome_smarthome,feed
EcoHome_SmartHome,Set3,2025-10-10,22942,123,52.91,14,0.54,facebook,paid_social,ecohome_smarthome,stories
EcoHome_Solar,Set1,2025-10-10,10656,454,99.11,7,4.26,facebook,paid_social,ecohome_solar,feed
EcoHome_Solar,Set2,2025-10-10,7271,633,326.53,29,8.71,facebook,paid_social,ecohome_solar,feed
EcoHome_Solar,Set3,2025-10-10,8665,392,86.26,14,4.52,facebook,paid_social,ecohome_solar,stories
EcoHome_Heating,Set1,2025-10-10,22760,440,290.97,0,1.93,facebook,paid_social,ecohome_heating,feed
EcoHome_Heating,Set2,2025-10-10,6783,275,327.63,12,4.05,facebook,paid_social,ecohome_heating,feed
EcoHome_Heating,Set3,2025-10-10,20318,260,380.88,26,1.28,facebook,paid_social,ecohome_heating,stories
EcoHome_SmartHome,Set1,2025-10-17,6952,269,51.98,11,3.87,facebook,paid_social,ecohome_smarthome,feed
EcoHome_SmartHome,Set2,2025-10-17,21625,424,367.96,18,1.96,facebook,paid_social,ecohome_smarthome,stories
EcoHome_SmartHome,Set3,2025-10-17,18368,91,384.26,19,0.5,facebook,paid_social,ecohome_smarthome,stories
EcoHome_Solar,Set1,2025-10-17,17197,337,326.58,7,1.96,facebook,paid_social,ecohome_solar,stories
EcoHome_Solar,Set2,2025-10-17,12389,380,168.07,27,3.07,facebook,paid_social,ecohome_solar,stories
EcoHome_Solar,Set3,2025-10-17,22534,314,263.04,14,1.39,facebook,paid_social,ecohome_solar,stories
EcoHome_Heating,Set1,2025-10-17,12127,154,197.21,7,1.27,facebook,paid_social,ecohome_heating,feed
EcoHome_Heating,Set2,2025-10-17,20636,390,248.78,15,1.89,facebook,paid_social,ecohome_heating,stories
EcoHome_Heating,Set3,2025-10-17,12160,523,72.37,2,4.3,facebook,paid_social,ecohome_heating,stories
EcoHome_SmartHome,Set1,2025-10-24,9960,544,159.53,9,5.46,facebook,paid_social,ecohome_smarthome,feed
EcoHome_SmartHome,Set2,2025-10-24,7446,311,243.02,23,4.18,facebook,paid_social,ecohome_smarthome,feed
EcoHome_SmartHome,Set3,2025-10-24,24035,178,338.39,3,0.74,facebook,paid_social,ecohome_smarthome,stories
EcoHome_Solar,Set1,2025-10-24,19767,114,288.96,10,0.58,facebook,paid_social,ecohome_solar,feed
EcoHome_Solar,Set2,2025-10-24,16337,509,94.93,28,3.12,facebook,paid_social,ecohome_solar,stories
EcoHome_Solar,Set3,2025-10-24,19574,642,51.3,13,3.28,facebook,paid_social,ecohome_solar,stories
EcoHome_Heating,Set1,2025-10-24,5047,366,236.51,22,7.25,facebook,paid_social,ecohome_heating,feed
EcoHome_Heating,Set2,2025-10-24,13177,85,116.43,18,0.65,facebook,paid_social,ecohome_heating,feed
EcoHome_Heating,Set3,2025-10-24,17841,630,289.92,6,3.53,facebook,paid_social,ecohome_heating,feed
EcoHome_SmartHome,Set1,2025-10-31,15419,61,247.86,11,0.4,facebook,paid_social,ecohome_smarthome,stories
EcoHome_SmartHome,Set2,2025-10-31,22533,112,190.26,16,0.5,facebook,paid_social,ecohome_smarthome,feed
EcoHome_SmartHome,Set3,2025-10-31,15223,348,348.6,0,2.29,facebook,paid_social,ecohome_smarthome,feed
EcoHome_Solar,Set1,2025-10-31,13849,686,241.28,28,4.95,facebook,paid_social,ecohome_solar,feed
EcoHome_Solar,Set2,2025-10-31,22924,73,213.09,26,0.32,facebook,paid_social,ecohome_solar,stories
EcoHome_Solar,Set3,2025-10-31,21288,59,210.57,0,0.28,facebook,paid_social,ecohome_solar,feed
EcoHome_Heating,Set1,2025-10-31,18305,687,276.07,23,3.75,facebook,paid_social,ecohome_heating,feed
EcoHome_Heating,Set2,2025-10-31,23033,582,360.29,9,2.53,facebook,paid_social,ecohome_heating,feed
EcoHome_Heating,Set3,2025-10-31,7478,291,156.37,4,3.89,facebook,paid_social,ecohome_heating,stories
EcoHome_SmartHome,Set1,2025-11-07,12115,427,228.85,12,3.52,facebook,paid_social,ecohome_smarthome,feed
EcoHome_SmartHome,Set2,2025-11-07,8368,269,227.75,11,3.21,facebook,paid_social,ecohome_smarthome,feed
EcoHome_SmartHome,Set3,2025-11-07,20990,489,157.94,1,2.33,facebook,paid_social,ecohome_smarthome,stories
EcoHome_Solar,Set1,2025-11-07,21277,669,335.9,26,3.14,facebook,paid_social,ecohome_solar,stories
EcoHome_Solar,Set2,2025-11-07,5675,431,80.04,29,7.59,facebook,paid_social,ecohome_solar,stories
EcoHome_Solar,Set3,2025-11-07,6154,654,110.28,4,10.63,facebook,paid_social,ecohome_solar,feed
EcoHome_Heating,Set1,2025-11-07,10022,391,323.51,6,3.9,facebook,paid_social,ecohome_heating,stories
EcoHome_Heating,Set2,2025-11-07,21665,50,97.84,3,0.23,facebook,paid_social,ecohome_heating,stories
EcoHome_Heating,Set3,2025-11-07,6235,136,296.93,26,2.18,facebook,paid_social,ecohome_heating,feed
EcoHome_SmartHome,Set1,2025-11-14,19430,602,288.53,3,3.1,facebook,paid_social,ecohome_smarthome,feed
EcoHome_SmartHome,Set2,2025-11-14,8194,505,80.91,17,6.16,facebook,paid_social,ecohome_smarthome,feed
EcoHome_SmartHome,Set3,2025-11-14,5533,451,126.91,3,8.15,facebook,paid_social,ecohome_smarthome,stories
EcoHome_Solar,Set1,2025-11-14,24343,425,249.62,1,1.75,facebook,paid_social,ecohome_solar,feed
EcoHome_Solar,Set2,2025-11-14,24481,490,253.62,1,2.0,facebook,paid_social,ecohome_solar,feed
EcoHome_Solar,Set3,2025-11-14,19135,239,167.57,21,1.25,facebook,paid_social,ecohome_solar,stories
EcoHome_Heating,Set1,2025-11-14,6299,458,279.46,20,7.27,facebook,paid_social,ecohome_heating,stories
EcoHome_Heating,Set2,2025-11-14,18755,672,344.03,10,3.58,facebook,paid_social,ecohome_heating,stories
EcoHome_Heating,Set3,2025-11-14,14327,374,279.22,21,2.61,facebook,paid_social,ecohome_heating,stories
EcoHome_SmartHome,Set1,2025-11-21,6373,484,191.13,18,7.59,facebook,paid_social,ecohome_smarthome,stories
EcoHome_SmartHome,Set2,2025-11-21,16172,298,153.95,6,1.84,facebook,paid_social,ecohome_smarthome,feed
EcoHome_SmartHome,Set3,2025-11-21,15317,385,395.22,22,2.51,facebook,paid_social,ecohome_smarthome,feed
EcoHome_Solar,Set1,2025-11-21,23748,160,212.58,26,0.67,facebook,paid_social,ecohome_solar,feed
EcoHome_Solar,Set2,2025-11-21,17254,168,50.42,14,0.97,facebook,paid_social,ecohome_solar,stories
EcoHome_Solar,Set3,2025-11-21,17648,502,278.65,9,2.84,facebook,paid_social,ecohome_solar,feed
EcoHome_Heating,Set1,2025-11-21,6693,134,117.68,7,2.0,facebook,paid_social,ecohome_heating,feed
EcoHome_Heating,Set2,2025-11-21,8756,384,67.32,12,4.39,facebook,paid_social,ecohome_heating,feed
EcoHome_Heating,Set3,2025-11-21,22540,399,195.3,12,1.77,facebook,paid_social,ecohome_heating,feed
EcoHome_SmartHome,Set1,2025-11-28,14752,69,306.75,27,0.47,facebook,paid_social,ecohome_smarthome,feed
EcoHome_SmartHome,Set2,2025-11-28,23302,75,235.85,10,0.32,facebook,paid_social,ecohome_smarthome,feed
EcoHome_SmartHome,Set3,2025-11-28,8048,430,358.46,29,5.34,facebook,paid_social,ecohome_smarthome,feed
EcoHome_Solar,Set1,2025-11-28,13741,494,193.91,0,3.6,facebook,paid_social,ecohome_solar,feed
EcoHome_Solar,Set2,2025-11-28,22805,335,303.68,4,1.47,facebook,paid_social,ecohome_solar,feed
EcoHome_Solar,Set3,2025-11-28,19990,471,95.57,24,2.36,facebook,paid_social,ecohome_solar,feed
EcoHome_Heating,Set1,2025-11-28,14106,337,258.07,8,2.39,facebook,paid_social,ecohome_heating,feed
EcoHome_Heating,Set2,2025-11-28,10932,204,250.15,25,1.87,facebook,paid_social,ecohome_heating,feed
EcoHome_Heating,Set3,2025-11-28,15148,186,183.46,19,1.23,facebook,paid_social,ecohome_heating,stories
EcoHome_SmartHome,Set1,2025-12-05,6119,246,122.98,23,4.02,facebook,paid_social,ecohome_smarthome,feed
EcoHome_SmartHome,Set2,2025-12-05,17695,318,300.89,7,1.8,facebook,paid_social,ecohome_smarthome,feed
EcoHome_SmartHome,Set3,2025-12-05,23601,208,185.68,25,0.88,facebook,paid_social,ecohome_smarthome,stories
EcoHome_Solar,Set1,2025-12-05,22401,131,61.01,15,0.58,facebook,paid_social,ecohome_solar,stories
EcoHome_Solar,Set2,2025-12-05,11647,676,216.56,5,5.8,facebook,paid_social,ecohome_solar,stories
EcoHome_Solar,Set3,2025-12-05,23473,58,207.91,16,0.25,facebook,paid_social,ecohome_solar,feed
EcoHome_Heating,Set1,2025-12-05,15003,191,322.07,26,1.27,facebook,paid_social,ecohome_heating,feed
EcoHome_Heating,Set2,2025-12-05,18442,265,85.17,21,1.44,facebook,paid_social,ecohome_heating,feed
EcoHome_Heating,Set3,2025-12-05,23288,462,232.71,0,1.98,facebook,paid_social,ecohome_heating,stories
EcoHome_SmartHome,Set1,2025-12-12,9116,457,270.65,11,5.01,facebook,paid_social,ecohome_smarthome,stories
EcoHome_SmartHome,Set2,2025-12-12,13089,314,379.22,2,2.4,facebook,paid_social,ecohome_smarthome,stories
EcoHome_SmartHome,Set3,2025-12-12,21361,597,134.11,8,2.79,facebook,paid_social,ecohome_smarthome,stories
EcoHome_Solar,Set1,2025-12-12,16332,279,150.42,9,1.71,facebook,paid_social,ecohome_solar,feed
EcoHome_Solar,Set2,2025-12-12,12564,133,238.27,11,1.06,facebook,paid_social,ecohome_solar,feed
EcoHome_Solar,Set3,2025-12-12,9318,265,194.16,8,2.84,facebook,paid_social,ecohome_solar,feed
EcoHome_Heating,Set1,2025-12-12,5425,603,287.42,7,11.12,facebook,paid_social,ecohome_heating,stories
EcoHome_Heating,Set2,2025-12-12,7124,326,107.97,17,4.58,facebook,paid_social,ecohome_heating,feed
EcoHome_Heating,Set3,2025-12-12,15731,362,66.69,20,2.3,facebook,paid_social,ecohome_heating,feed
EcoHome_SmartHome,Set1,2025-12-19,19643,195,131.75,18,0.99,facebook,paid_social,ecohome_smarthome,feed
EcoHome_SmartHome,Set2,2025-12-19,13172,357,190.47,2,2.71,facebook,paid_social,ecohome_smarthome,stories
EcoHome_SmartHome,Set3,2025-12-19,17454,441,202.28,10,2.53,facebook,paid_social,ecohome_smarthome,feed
EcoHome_Solar,Set1,2025-12-19,6989,92,315.46,9,1.32,facebook,paid_social,ecohome_solar,stories
EcoHome_Solar,Set2,2025-12-19,10150,177,245.5,24,1.74,facebook,paid_social,ecohome_solar,feed
EcoHome_Solar,Set3,2025-12-19,6665,573,302.42,23,8.6,facebook,paid_social,ecohome_solar,stories
EcoHome_Heating,Set1,2025-12-19,14543,454,108.46,13,3.12,facebook,paid_social,ecohome_heating,feed
EcoHome_Heating,Set2,2025-12-19,19498,609,204.13,14,3.12,facebook,paid_social,ecohome_heating,feed
EcoHome_Heating,Set3,2025-12-19,5238,514,372.49,26,9.81,facebook,paid_social,ecohome_heating,stories
EcoHome_SmartHome,Set1,2025-12-26,15349,320,199.52,18,2.08,facebook,paid_social,ecohome_smarthome,stories
EcoHome_SmartHome,Set2,2025-12-26,12899,298,293.47,3,2.31,facebook,paid_social,ecohome_smarthome,feed
EcoHome_SmartHome,Set3,2025-12-26,7860,633,377.57,18,8.05,facebook,paid_social,ecohome_smarthome,feed
EcoHome_Solar,Set1,2025-12-26,7122,667,314.08,9,9.37,facebook,paid_social,ecohome_solar,stories
EcoHome_Solar,Set2,2025-12-26,8089,92,113.34,7,1.14,facebook,paid_social,ecohome_solar,feed
EcoHome_Solar,Set3,2025-12-26,15810,625,105.38,13,3.95,facebook,paid_social,ecohome_solar,feed
EcoHome_Heating,Set1,2025-12-26,15441,256,242.65,9,1.66,facebook,paid_social,ecohome_heating,stories
EcoHome_Heating,Set2,2025-12-26,22488,612,69.73,11,2.72,facebook,paid_social,ecohome_heating,feed
EcoHome_Heating,Set3,2025-12-26,20231,395,343.05,28,1.95,facebook,paid_social,ecohome_heating,feed
EcoHome_SmartHome,Set1,2026-01-02,13260,565,57.26,8,4.26,facebook,paid_social,ecohome_smarthome,feed
EcoHome_SmartHome,Set2,2026-01-02,18342,678,334.01,17,3.7,facebook,paid_social,ecohome_smarthome,feed
EcoHome_SmartHome,Set3,2026-01-02,16978,585,164.52,22,3.45,facebook,paid_social,ecohome_smarthome,stories
EcoHome_Solar,Set1,2026-01-02,21146,371,213.82,1,1.75,facebook,paid_social,ecohome_solar,feed
EcoHome_Solar,Set2,2026-01-02,22314,284,51.97,6,1.27,facebook,paid_social,ecohome_solar,stories
EcoHome_Solar,Set3,2026-01-02,15733,338,115.3,16,2.15,facebook,paid_social,ecohome_solar,stories
EcoHome_Heating,Set1,2026-01-02,8625,399,81.96,13,4.63,facebook,paid_social,ecohome_heating,feed
EcoHome_Heating,Set2,2026-01-02,14157,384,59.9,14,2.71,facebook,paid_social,ecohome_heating,feed
EcoHome_Heating,Set3,2026-01-02,9787,680,304.39,3,6.95,facebook,paid_social,ecohome_heating,feed
EcoHome_SmartHome,Set1,2026-01-09,11451,683,283.58,1,5.96,facebook,paid_social,ecohome_smarthome,stories
EcoHome_SmartHome,Set2,2026-01-09,18084,214,196.95,20,1.18,facebook,paid_social,ecohome_smarthome,stories
EcoHome_SmartHome,Set3,2026-01-09,13315,393,391.14,19,2.95,facebook,paid_social,ecohome_smarthome,feed
EcoHome_Solar,Set1,2026-01-09,24582,120,255.31,2,0.49,facebook,paid_social,ecohome_solar,feed
EcoHome_Solar,Set2,2026-01-09,17453,359,213.74,17,2.06,facebook,paid_social,ecohome_solar,stories
EcoHome_Solar,Set3,2026-01-09,14885,425,288.02,14,2.86,facebook,paid_social,ecohome_solar,feed
EcoHome_Heating,Set1,2026-01-09,23070,70,186.34,16,0.3,facebook,paid_social,ecohome_heating,feed
EcoHome_Heating,Set2,2026-01-09,11590,319,200.54,17,2.75,facebook,paid_social,ecohome_heating,stories
EcoHome_Heating,Set3,2026-01-09,8873,311,391.93,5,3.51,facebook,paid_social,ecohome_heating,feed
EcoHome_SmartHome,Set1,2026-01-16,6476,690,146.43,26,10.65,facebook,paid_social,ecohome_smarthome,feed
EcoHome_SmartHome,Set2,2026-01-16,13066,146,70.32,12,1.12,facebook,paid_social,ecohome_smarthome,stories
EcoHome_SmartHome,Set3,2026-01-16,7233,264,257.47,28,3.65,facebook,paid_social,ecohome_smarthome,stories
EcoHome_Solar,Set1,2026-01-16,15293,332,258.83,7,2.17,facebook,paid_social,ecohome_solar,feed
EcoHome_Solar,Set2,2026-01-16,17401,592,188.81,28,3.4,facebook,paid_social,ecohome_solar,feed
EcoHome_Solar,Set3,2026-01-16,20554,341,112.51,13,1.66,facebook,paid_social,ecohome_solar,feed
EcoHome_Heating,Set1,2026-01-16,15288,55,229.44,21,0.36,facebook,paid_social,ecohome_heating,stories
EcoHome_Heating,Set2,2026-01-16,22391,159,263.93,8,0.71,facebook,paid_social,ecohome_heating,feed
EcoHome_Heating,Set3,2026-01-16,24627,355,327.61,3,1.44,facebook,paid_social,ecohome_heating,feed
EcoHome_SmartHome,Set1,2026-01-23,12595,670,77.32,12,5.32,facebook,paid_social,ecohome_smarthome,feed
EcoHome_SmartHome,Set2,2026-01-23,14983,605,244.82,27,4.04,facebook,paid_social,ecohome_smarthome,feed
EcoHome_SmartHome,Set3,2026-01-23,5205,204,117.32,27,3.92,facebook,paid_social,ecohome_smarthome,stories
EcoHome_Solar,Set1,2026-01-23,24529,98,250.07,8,0.4,facebook,paid_social,ecohome_solar,stories
EcoHome_Solar,Set2,2026-01-23,11030,228,207.4,16,2.07,facebook,paid_social,ecohome_solar,feed
EcoHome_Solar,Set3,2026-01-23,14088,208,79.37,15,1.48,facebook,paid_social,ecohome_solar,stories
EcoHome_Heating,Set1,2026-01-23,23682,568,356.9,2,2.4,facebook,paid_social,ecohome_heating,feed
EcoHome_Heating,Set2,2026-01-23,13766,439,122.76,14,3.19,facebook,paid_social,ecohome_heating,feed
EcoHome_Heating,Set3,2026-01-23,6501,552,347.86,28,8.49,facebook,paid_social,ecohome_heating,stories
EcoHome_SmartHome,Set1,2026-01-30,12476,587,190.24,7,4.71,facebook,paid_social,ecohome_smarthome,stories
EcoHome_SmartHome,Set2,2026-01-30,24059,185,169.04,10,0.77,facebook,paid_social,ecohome_smarthome,feed
EcoHome_SmartHome,Set3,2026-01-30,7078,296,198.93,26,4.18,facebook,paid_social,ecohome_smarthome,feed
EcoHome_Solar,Set1,2026-01-30,22504,395,387.93,10,1.76,facebook,paid_social,ecohome_solar,feed
EcoHome_Solar,Set2,2026-01-30,6908,498,367.54,16,7.21,facebook,paid_social,ecohome_solar,feed
EcoHome_Solar,Set3,2026-01-30,16297,547,153.63,7,3.36,facebook,paid_social,ecohome_solar,stories
EcoHome_Heating,Set1,2026-01-30,7413,512,221.0,1,6.91,facebook,paid_social,ecohome_heating,feed
EcoHome_Heating,Set2,2026-01-30,6150,251,78.07,1,4.08,facebook,paid_social,ecohome_heating,stories
EcoHome_Heating,Set3,2026-01-30,16581,68,84.96,16,0.41,facebook,paid_social,ecohome_heating,stories
EcoHome_SmartHome,Set1,2026-02-06,9081,360,300.29,15,3.96,facebook,paid_social,ecohome_smarthome,stories
EcoHome_SmartHome,Set2,2026-02-06,19970,547,198.93,0,2.74,facebook,paid_social,ecohome_smarthome,stories
EcoHome_SmartHome,Set3,2026-02-06,5514,256,166.69,20,4.64,facebook,paid_social,ecohome_smarthome,feed
EcoHome_Solar,Set1,2026-02-06,11861,251,346.73,11,2.12,facebook,paid_social,ecohome_solar,feed
EcoHome_Solar,Set2,2026-02-06,11532,586,251.05,24,5.08,facebook,paid_social,ecohome_solar,stories
EcoHome_Solar,Set3,2026-02-06,10439,229,243.46,11,2.19,facebook,paid_social,ecohome_solar,feed
EcoHome_Heating,Set1,2026-02-06,18117,395,224.94,27,2.18,facebook,paid_social,ecohome_heating,feed
EcoHome_Heating,Set2,2026-02-06,24050,599,379.69,28,2.49,facebook,paid_social,ecohome_heating,feed
EcoHome_Heating,Set3,2026-02-06,11205,72,264.63,13,0.64,facebook,paid_social,ecohome_heating,feed
EcoHome_SmartHome,Set1,2026-02-13,19382,73,247.75,13,0.38,facebook,paid_social,ecohome_smarthome,stories
EcoHome_SmartHome,Set2,2026-02-13,23075,227,75.85,27,0.98,facebook,paid_social,ecohome_smarthome,stories
EcoHome_SmartHome,Set3,2026-02-13,12735,108,267.6,11,0.85,facebook,paid_social,ecohome_smarthome,stories
EcoHome_Solar,Set1,2026-02-13,22351,430,365.51,24,1.92,facebook,paid_social,ecohome_solar,feed
EcoHome_Solar,Set2,2026-02-13,19795,151,122.31,11,0.76,facebook,paid_social,ecohome_solar,feed
EcoHome_Solar,Set3,2026-02-13,5050,358,293.43,12,7.09,facebook,paid_social,ecohome_solar,feed
EcoHome_Heating,Set1,2026-02-13,19970,254,205.53,5,1.27,facebook,paid_social,ecohome_heating,stories
EcoHome_Heating,Set2,2026-02-13,7155,290,197.27,25,4.05,facebook,paid_social,ecohome_heating,feed
EcoHome_Heating,Set3,2026-02-13,12607,347,249.4,5,2.75,facebook,paid_social,ecohome_heating,feed
EcoHome_SmartHome,Set1,2026-02-20,21206,673,391.79,15,3.17,facebook,paid_social,ecohome_smarthome,stories
EcoHome_SmartHome,Set2,2026-02-20,10412,195,276.63,1,1.87,facebook,paid_social,ecohome_smarthome,feed
EcoHome_SmartHome,Set3,2026-02-20,16094,655,248.72,13,4.07,facebook,paid_social,ecohome_smarthome,feed
EcoHome_Solar,Set1,2026-02-20,12654,672,380.94,8,5.31,facebook,paid_social,ecohome_solar,stories
EcoHome_Solar,Set2,2026-02-20,10615,269,271.53,5,2.53,facebook,paid_social,ecohome_solar,stories
EcoHome_Solar,Set3,2026-02-20,16840,309,108.94,29,1.83,facebook,paid_social,ecohome_solar,feed
EcoHome_Heating,Set1,2026-02-20,5929,69,72.84,26,1.16,facebook,paid_social,ecohome_heating,stories
EcoHome_Heating,Set2,2026-02-20,12549,458,76.84,22,3.65,facebook,paid_social,ecohome_heating,stories
EcoHome_Heating,Set3,2026-02-20,14409,490,91.35,19,3.4,facebook,paid_social,ecohome_heating,stories
EcoHome_SmartHome,Set1,2026-02-27,9770,63,231.44,29,0.64,facebook,paid_social,ecohome_smarthome,stories
EcoHome_SmartHome,Set2,2026-02-27,11242,82,184.23,1,0.73,facebook,paid_social,ecohome_smarthome,feed
EcoHome_SmartHome,Set3,2026-02-27,9073,309,396.44,25,3.41,facebook,paid_social,ecohome_smarthome,stories
EcoHome_Solar,Set1,2026-02-27,7184,408,265.57,2,5.68,facebook,paid_social,ecohome_solar,stories
EcoHome_Solar,Set2,2026-02-27,14417,425,53.53,25,2.95,facebook,paid_social,ecohome_solar,stories
EcoHome_Solar,Set3,2026-02-27,17399,522,106.33,7,3.0,facebook,paid_social,ecohome_solar,feed
EcoHome_Heating,Set1,2026-02-27,15382,81,273.06,3,0.53,facebook,paid_social,ecohome_heating,stories
EcoHome_Heating,Set2,2026-02-27,24691,326,162.5,13,1.32,facebook,paid_social,ecohome_heating,feed
EcoHome_Heating,Set3,2026-02-27,9838,135,195.0,4,1.37,facebook,paid_social,ecohome_heating,stories
