campaign_name,ad_group_name,date,impressions,clicks,cost_usd,conversions,utm_source,utm_medium,utm_campaign,device
EcoHome_Solar,Group1,2024-03-01,20795,320,306.2,28,google,cpc,ecohome_solar,mobile
EcoHome_Solar,Group2,2024-03-01,11265,516,84.99,10,google,cpc,ecohome_solar,desktop
EcoHome_Solar,Group3,2024-03-01,16363,180,57.2,1,google,cpc,ecohome_solar,desktop
EcoHome_Heating,Group1,2024-03-01,7433,241,397.27,0,google,cpc,ecohome_heating,desktop
EcoHome_Heating,Group2,2024-03-01,24769,71,52.47,24,google,cpc,ecohome_heating,mobile
EcoHome_Heating,Group3,2024-03-01,13666,108,189.95,27,google,cpc,ecohome_heating,desktop
EcoHome_SmartHome,Group1,2024-03-01,5189,612,183.86,19,google,cpc,ecohome_smarthome,desktop
EcoHome_SmartHome,Group2,2024-03-01,22912,180,350.98,6,google,cpc,ecohome_smarthome,mobile
EcoHome_SmartHome,Group3,2024-03-01,19502,323,382.11,27,google,cpc,ecohome_smarthome,desktop
EcoHome_Solar,Group1,2024-03-08,13433,395,84.19,19,google,cpc,ecohome_solar,desktop
EcoHome_Solar,Group2,2024-03-08,20787,558,341.62,2,google,cpc,ecohome_solar,desktop
EcoHome_Solar,Group3,2024-03-08,8152,611,281.88,1,google,cpc,ecohome_solar,desktop
EcoHome_Heating,Group1,2024-03-08,16653,615,241.35,21,google,cpc,ecohome_heating,mobile
EcoHome_Heating,Group2,2024-03-08,17990,451,321.3,1,google,cpc,ecohome_heating,desktop
EcoHome_Heating,Group3,2024-03-08,5995,319,304.55,14,google,cpc,ecohome_heating,desktop
EcoHome_SmartHome,Group1,2024-03-08,12629,301,65.83,7,google,cpc,ecohome_smarthome,mobile
EcoHome_SmartHome,Group2,2024-03-08,13529,102,255.36,24,google,cpc,ecohome_smarthome,desktop
EcoHome_SmartHome,Group3,2024-03-08,11331,429,146.6,28,google,cpc,ecohome_smarthome,mobile
EcoHome_Solar,Group1,2024-03-15,21448,570,320.29,11,google,cpc,ecohome_solar,desktop
EcoHome_Solar,Group2,2024-03-15,20422,188,119.59,7,google,cpc,ecohome_solar,mobile
EcoHome_Solar,Group3,2024-03-15,17666,539,175.46,8,google,cpc,ecohome_solar,desktop
EcoHome_Heating,Group1,2024-03-15,13392,82,72.25,22,google,cpc,ecohome_heating,desktop
EcoHome_Heating,Group2,2024-03-15,19039,148,256.95,21,google,cpc,ecohome_heating,mobile
EcoHome_Heating,Group3,2024-03-15,14762,662,390.1,2,google,cpc,ecohome_heating,mobile
EcoHome_SmartHome,Group1,2024-03-15,22412,267,132.59,13,google,cpc,ecohome_smarthome,mobile
EcoHome_SmartHome,Group2,2024-03-15,5206,64,88.81,27,google,cpc,ecohome_smarthome,mobile
EcoHome_SmartHome,Group3,2024-03-15,20934,290,160.02,3,google,cpc,ecohome_smarthome,desktop
EcoHome_Solar,Group1,2024-03-22,19820,456,261.55,14,google,cpc,ecohome_solar,mobile
EcoHome_Solar,Group2,2024-03-22,6059,574,76.94,26,google,cpc,ecohome_solar,mobile
EcoHome_Solar,Group3,2024-03-22,24541,627,268.52,29,google,cpc,ecohome_solar,mobile
EcoHome_Heating,Group1,2024-03-22,16252,695,209.79,11,google,cpc,ecohome_heating,desktop
EcoHome_Heating,Group2,2024-03-22,21157,380,163.52,22,google,cpc,ecohome_heating,desktop
EcoHome_Heating,Group3,2024-03-22,16494,239,88.52,24,google,cpc,ecohome_heating,mobile
EcoHome_SmartHome,Group1,2024-03-22,11776,677,173.4,2,google,cpc,ecohome_smarthome,mobile
EcoHome_SmartHome,Group2,2024-03-22,10530,698,219.69,0,google,cpc,ecohome_smarthome,mobile
EcoHome_SmartHome,Group3,2024-03-22,18545,423,126.57,23,google,cpc,ecohome_smarthome,mobile
EcoHome_Solar,Group1,2024-03-29,23237,546,138.87,11,google,cpc,ecohome_solar,desktop
EcoHome_Solar,Group2,2024-03-29,16649,436,155.31,16,google,cpc,ecohome_solar,desktop
EcoHome_Solar,Group3,2024-03-29,22082,162,391.82,27,google,cpc,ecohome_solar,desktop
EcoHome_Heating,Group1,2024-03-29,5854,274,272.02,29,google,cpc,ecohome_heating,desktop
EcoHome_Heating,Group2,2024-03-29,23091,465,257.44,22,google,cpc,ecohome_heating,mobile
EcoHome_Heating,Group3,2024-03-29,16447,172,134.76,5,google,cpc,ecohome_heating,desktop
EcoHome_SmartHome,Group1,2024-03-29,13004,659,271.74,10,google,cpc,ecohome_smarthome,mobile
EcoHome_SmartHome,Group2,2024-03-29,20087,193,342.36,27,google,cpc,ecohome_smarthome,mobile
EcoHome_SmartHome,Group3,2024-03-29,16589,513,64.27,19,google,cpc,ecohome_smarthome,desktop
EcoHome_Solar,Group1,2024-04-05,19243,452,298.9,18,google,cpc,ecohome_solar,desktop
EcoHome_Solar,Group2,2024-04-05,7911,538,291.83,6,google,cpc,ecohome_solar,desktop
EcoHome_Solar,Group3,2024-04-05,16111,690,286.49,24,google,cpc,ecohome_solar,mobile
EcoHome_Heating,Group1,2024-04-05,19257,200,239.51,9,google,cpc,ecohome_heating,mobile
EcoHome_Heating,Group2,2024-04-05,21646,193,336.03,24,google,cpc,ecohome_heating,desktop
EcoHome_Heating,Group3,2024-04-05,16835,51,398.69,29,google,cpc,ecohome_heating,desktop
EcoHome_SmartHome,Group1,2024-04-05,24492,209,271.59,8,google,cpc,ecohome_smarthome,mobile
EcoHome_SmartHome,Group2,2024-04-05,24554,257,363.99,23,google,cpc,ecohome_smarthome,desktop
EcoHome_SmartHome,Group3,2024-04-05,17183,677,79.45,7,google,cpc,ecohome_smarthome,desktop
EcoHome_Solar,Group1,2024-04-12,14637,153,262.25,2,google,cpc,ecohome_solar,desktop
EcoHome_Solar,Group2,2024-04-12,7557,522,282.23,28,google,cpc,ecohome_solar,desktop
EcoHome_Solar,Group3,2024-04-12,19207,387,219.96,2,google,cpc,ecohome_solar,desktop
EcoHome_Heating,Group1,2024-04-12,22340,210,56.33,13,google,cpc,ecohome_heating,mobile
EcoHome_Heating,Group2,2024-04-12,8987,553,277.37,6,google,cpc,ecohome_heating,mobile
EcoHome_Heating,Group3,2024-04-12,9735,82,239.89,26,google,cpc,ecohome_heating,mobile
EcoHome_SmartHome,Group1,2024-04-12,17757,424,137.66,29,google,cpc,ecohome_smarthome,desktop
EcoHome_SmartHome,Group2,2024-04-12,19565,414,220.36,7,google,cpc,ecohome_smarthome,mobile
EcoHome_SmartHome,Group3,2024-04-12,21609,326,225.92,27,google,cpc,ecohome_smarthome,mobile
EcoHome_Solar,Group1,2024-04-19,14151,530,118.34,28,google,cpc,ecohome_solar,desktop
EcoHome_Solar,Group2,2024-04-19,17946,565,58.51,16,google,cpc,ecohome_solar,desktop
EcoHome_Solar,Group3,2024-04-19,13208,221,379.16,28,google,cpc,ecohome_solar,desktop
EcoHome_Heating,Group1,2024-04-19,8444,567,179.56,8,google,cpc,ecohome_heating,mobile
EcoHome_Heating,Group2,2024-04-19,23711,398,199.86,20,google,cpc,ecohome_heating,mobile
EcoHome_Heating,Group3,2024-04-19,24554,165,153.06,20,google,cpc,ecohome_heating,desktop
EcoHome_SmartHome,Group1,2024-04-19,11102,210,160.92,17,google,cpc,ecohome_smarthome,mobile
EcoHome_SmartHome,Group2,2024-04-19,5569,372,249.52,23,google,cpc,ecohome_smarthome,desktop
EcoHome_SmartHome,Group3,2024-04-19,12455,688,231.42,1,google,cpc,ecohome_smarthome,desktop
EcoHome_Solar,Group1,2024-04-26,5784,153,293.96,10,google,cpc,ecohome_solar,desktop
EcoHome_Solar,Group2,2024-04-26,12343,88,152.76,22,google,cpc,ecohome_solar,desktop
EcoHome_Solar,Group3,2024-04-26,10986,457,369.63,25,google,cpc,ecohome_solar,mobile
EcoHome_Heating,Group1,2024-04-26,17323,69,277.49,13,google,cpc,ecohome_heating,desktop
EcoHome_Heating,Group2,2024-04-26,15893,520,59.67,1,google,cpc,ecohome_heating,desktop
EcoHome_Heating,Group3,2024-04-26,15966,100,212.96,29,google,cpc,ecohome_heating,mobile
EcoHome_SmartHome,Group1,2024-04-26,14907,103,237.98,4,google,cpc,ecohome_smarthome,mobile
EcoHome_SmartHome,Group2,2024-04-26,19599,102,145.04,11,google,cpc,ecohome_smarthome,mobile
EcoHome_SmartHome,Group3,2024-04-26,5876,399,239.22,22,google,cpc,ecohome_smarthome,desktop
EcoHome_Solar,Group1,2024-05-03,12987,318,389.34,9,google,cpc,ecohome_solar,desktop
EcoHome_Solar,Group2,2024-05-03,13311,653,310.41,25,google,cpc,ecohome_solar,mobile
EcoHome_Solar,Group3,2024-05-03,13308,176,293.59,20,google,cpc,ecohome_solar,mobile
EcoHome_Heating,Group1,2024-05-03,6081,683,104.75,1,google,cpc,ecohome_heating,desktop
EcoHome_Heating,Group2,2024-05-03,12805,167,300.11,7,google,cpc,ecohome_heating,mobile
EcoHome_Heating,Group3,2024-05-03,21244,321,230.84,4,google,cpc,ecohome_heating,desktop
EcoHome_SmartHome,Group1,2024-05-03,13130,125,248.11,18,google,cpc,ecohome_smarthome,mobile
EcoHome_SmartHome,Group2,2024-05-03,12253,334,90.63,4,google,cpc,ecohome_smarthome,mobile
EcoHome_SmartHome,Group3,2024-05-03,18296,143,349.41,19,google,cpc,ecohome_smarthome,mobile
EcoHome_Solar,Group1,2024-05-10,16151,267,317.18,20,google,cpc,ecohome_solar,mobile
EcoHome_Solar,Group2,2024-05-10,9452,72,66.82,21,google,cpc,ecohome_solar,mobile
EcoHome_Solar,Group3,2024-05-10,7849,229,181.11,25,google,cpc,ecohome_solar,mobile
EcoHome_Heating,Group1,2024-05-10,7489,657,349.77,4,google,cpc,ecohome_heating,mobile
EcoHome_Heating,Group2,2024-05-10,9611,65,74.7,22,google,cpc,ecohome_heating,desktop
EcoHome_Heating,Group3,2024-05-10,21347,209,379.08,23,google,cpc,ecohome_heating,desktop
EcoHome_SmartHome,Group1,2024-05-10,11833,429,94.98,28,google,cpc,ecohome_smarthome,mobile
EcoHome_SmartHome,Group2,2024-05-10,10387,626,386.42,9,google,cpc,ecohome_smarthome,mobile
EcoHome_SmartHome,Group3,2024-05-10,15636,61,85.27,1,google,cpc,ecohome_smarthome,mobile
EcoHome_Solar,Group1,2024-05-17,7082,139,161.64,25,google,cpc,ecohome_solar,desktop
EcoHome_Solar,Group2,2024-05-17,14817,467,141.24,6,google,cpc,ecohome_solar,desktop
EcoHome_Solar,Group3,2024-05-17,22209,550,171.92,10,google,cpc,ecohome_solar,mobile
EcoHome_Heating,Group1,2024-05-17,12543,469,196.28,28,google,cpc,ecohome_heating,mobile
EcoHome_Heating,Group2,2024-05-17,16657,506,248.98,2,google,cpc,ecohome_heating,mobile
EcoHome_Heating,Group3,2024-05-17,22506,597,180.21,6,google,cpc,ecohome_heating,desktop
EcoHome_SmartHome,Group1,2024-05-17,12357,86,133.51,22,google,cpc,ecohome_smarthome,mobile
EcoHome_SmartHome,Group2,2024-05-17,15518,266,133.38,29,google,cpc,ecohome_smarthome,mobile
EcoHome_SmartHome,Group3,2024-05-17,17144,111,223.8,24,google,cpc,ecohome_smarthome,desktop
EcoHome_Solar,Group1,2024-05-24,5698,68,186.22,11,google,cpc,ecohome_solar,mobile
EcoHome_Solar,Group2,2024-05-24,12400,125,174.22,27,google,cpc,ecohome_solar,desktop
EcoHome_Solar,Group3,2024-05-24,24166,433,218.88,25,google,cpc,ecohome_solar,mobile
EcoHome_Heating,Group1,2024-05-24,13335,118,152.62,24,google,cpc,ecohome_heating,desktop
EcoHome_Heating,Group2,2024-05-24,16130,518,313.33,22,google,cpc,ecohome_heating,desktop
EcoHome_Heating,Group3,2024-05-24,6062,158,375.83,25,google,cpc,ecohome_heating,mobile
EcoHome_SmartHome,Group1,2024-05-24,9729,182,307.96,28,google,cpc,ecohome_smarthome,mobile
EcoHome_SmartHome,Group2,2024-05-24,11801,637,290.81,25,google,cpc,ecohome_smarthome,desktop
EcoHome_SmartHome,Group3,2024-05-24,12056,302,343.47,13,google,cpc,ecohome_smarthome,mobile
EcoHome_Solar,Group1,2024-05-31,22575,219,188.83,26,google,cpc,ecohome_solar,desktop
EcoHome_Solar,Group2,2024-05-31,22924,78,79.69,18,google,cpc,ecohome_solar,desktop
EcoHome_Solar,Group3,2024-05-31,18807,414,179.72,19,google,cpc,ecohome_solar,mobile
EcoHome_Heating,Group1,2024-05-31,12494,266,257.16,3,google,cpc,ecohome_heating,desktop
EcoHome_Heating,Group2,2024-05-31,24870,494,182.3,6,google,cpc,ecohome_heating,mobile
EcoHome_Heating,Group3,2024-05-31,20485,500,138.79,17,google,cpc,ecohome_heating,desktop
EcoHome_SmartHome,Group1,2024-05-31,8709,107,309.34,7,google,cpc,ecohome_smarthome,mobile
EcoHome_SmartHome,Group2,2024-05-31,14576,50,288.36,27,google,cpc,ecohome_smarthome,desktop
EcoHome_SmartHome,Group3,2024-05-31,5504,240,217.2,24,google,cpc,ecohome_smarthome,desktop
EcoHome_Solar,Group1,2024-06-07,22312,166,387.13,11,google,cpc,ecohome_solar,mobile
EcoHome_Solar,Group2,2024-06-07,6852,198,65.19,20,google,cpc,ecohome_solar,mobile
EcoHome_Solar,Group3,2024-06-07,16003,278,138.55,18,google,cpc,ecohome_solar,desktop
EcoHome_Heating,Group1,2024-06-07,16704,451,108.18,16,google,cpc,ecohome_heating,desktop
EcoHome_Heating,Group2,2024-06-07,24870,562,269.65,21,google,cpc,ecohome_heating,mobile
EcoHome_Heating,Group3,2024-06-07,24087,520,65.91,11,google,cpc,ecohome_heating,desktop
EcoHome_SmartHome,Group1,2024-06-07,15975,407,209.48,27,google,cpc,ecohome_smarthome,mobile
EcoHome_SmartHome,Group2,2024-06-07,14337,397,276.4,7,google,cpc,ecohome_smarthome,desktop
EcoHome_SmartHome,Group3,2024-06-07,12483,227,143.08,4,google,cpc,ecohome_smarthome,mobile
EcoHome_Solar,Group1,2024-06-14,9835,551,61.31,8,google,cpc,ecohome_solar,mobile
EcoHome_Solar,Group2,2024-06-14,7779,607,76.67,5,google,cpc,ecohome_solar,desktop
EcoHome_Solar,Group3,2024-06-14,21639,499,78.96,29,google,cpc,ecohome_solar,desktop
EcoHome_Heating,Group1,2024-06-14,10124,168,193.94,21,google,cpc,ecohome_heating,mobile
EcoHome_Heating,Group2,2024-06-14,7193,273,394.85,10,google,cpc,ecohome_heating,mobile
EcoHome_Heating,Group3,2024-06-14,9158,266,389.47,26,google,cpc,ecohome_heating,mobile
EcoHome_SmartHome,Group1,2024-06-14,18772,659,62.89,0,google,cpc,ecohome_smarthome,mobile
EcoHome_SmartHome,Group2,2024-06-14,13175,567,292.1,4,google,cpc,ecohome_smarthome,mobile
EcoHome_SmartHome,Group3,2024-06-14,14860,486,254.8,20,google,cpc,ecohome_smarthome,mobile
EcoHome_Solar,Group1,2024-06-21,9809,507,182.25,20,google,cpc,ecohome_solar,desktop
EcoHome_Solar,Group2,2024-06-21,10997,50,383.92,12,google,cpc,ecohome_solar,desktop
EcoHome_Solar,Group3,2024-06-21,9544,537,266.34,27,google,cpc,ecohome_solar,mobile
EcoHome_Heating,Group1,2024-06-21,12239,600,285.05,1,google,cpc,ecohome_heating,desktop
EcoHome_Heating,Group2,2024-06-21,15357,355,348.26,21,google,cpc,ecohome_heating,desktop
EcoHome_Heating,Group3,2024-06-21,13580,450,96.91,14,google,cpc,ecohome_heating,mobile
EcoHome_SmartHome,Group1,2024-06-21,16470,278,267.11,1,google,cpc,ecohome_smarthome,mobile
EcoHome_SmartHome,Group2,2024-06-21,20781,355,256.47,29,google,cpc,ecohome_smarthome,mobile
EcoHome_SmartHome,Group3,2024-06-21,15209,357,241.61,0,google,cpc,ecohome_smarthome,desktop
EcoHome_Solar,Group1,2024-06-28,14550,591,267.73,18,google,cpc,ecohome_solar,mobile
EcoHome_Solar,Group2,2024-06-28,23564,187,374.31,9,google,cpc,ecohome_solar,mobile
EcoHome_Solar,Group3,2024-06-28,24963,118,393.01,20,google,cpc,ecohome_solar,desktop
EcoHome_Heating,Group1,2024-06-28,9300,175,271.69,15,google,cpc,ecohome_heating,mobile
EcoHome_Heating,Group2,2024-06-28,23290,160,95.11,22,google,cpc,ecohome_heating,desktop
EcoHome_Heating,Group3,2024-06-28,11238,423,294.18,3,google,cpc,ecohome_heating,desktop
EcoHome_SmartHome,Group1,2024-06-28,14911,330,363.88,2,google,cpc,ecohome_smarthome,mobile
EcoHome_SmartHome,Group2,2024-06-28,9188,110,117.3,18,google,cpc,ecohome_smarthome,mobile
EcoHome_SmartHome,Group3,2024-06-28,17891,583,81.05,0,google,cpc,ecohome_smarthome,mobile
EcoHome_Solar,Group1,2024-07-05,11376,573,122.22,1,google,cpc,ecohome_solar,mobile
EcoHome_Solar,Group2,2024-07-05,19124,122,82.3,14,google,cpc,ecohome_solar,mobile
EcoHome_Solar,Group3,2024-07-05,15453,288,229.08,10,google,cpc,ecohome_solar,mobile
EcoHome_Heating,Group1,2024-07-05,9432,75,353.91,7,google,cpc,ecohome_heating,mobile
EcoHome_Heating,Group2,2024-07-05,19178,302,395.19,14,google,cpc,ecohome_heating,mobile
EcoHome_Heating,Group3,2024-07-05,5055,575,266.39,22,google,cpc,ecohome_heating,desktop
EcoHome_SmartHome,Group1,2024-07-05,16479,435,311.61,13,google,cpc,ecohome_smarthome,mobile
EcoHome_SmartHome,Group2,2024-07-05,18623,56,290.51,22,google,cpc,ecohome_smarthome,desktop
EcoHome_SmartHome,Group3,2024-07-05,10870,557,87.51,25,google,cpc,ecohome_smarthome,desktop
EcoHome_Solar,Group1,2024-07-12,11882,64,86.7,22,google,cpc,ecohome_solar,mobile
EcoHome_Solar,Group2,2024-07-12,15267,88,162.73,6,google,cpc,ecohome_solar,desktop
EcoHome_Solar,Group3,2024-07-12,21509,586,361.68,19,google,cpc,ecohome_solar,mobile
EcoHome_Heating,Group1,2024-07-12,14795,443,326.21,12,google,cpc,ecohome_heating,desktop
EcoHome_Heating,Group2,2024-07-12,11371,160,307.89,14,google,cpc,ecohome_heating,desktop
EcoHome_Heating,Group3,2024-07-12,17199,418,247.56,9,google,cpc,ecohome_heating,mobile
EcoHome_SmartHome,Group1,2024-07-12,24123,331,262.64,26,google,cpc,ecohome_smarthome,desktop
EcoHome_SmartHome,Group2,2024-07-12,15554,426,133.03,21,google,cpc,ecohome_smarthome,mobile
EcoHome_SmartHome,Group3,2024-07-12,23117,631,136.09,3,google,cpc,ecohome_smarthome,desktop
EcoHome_Solar,Group1,2024-07-19,24901,399,110.68,22,google,cpc,ecohome_solar,mobile
EcoHome_Solar,Group2,2024-07-19,18046,292,56.38,4,google,cpc,ecohome_solar,desktop
EcoHome_Solar,Group3,2024-07-19,14111,272,363.81,19,google,cpc,ecohome_solar,desktop
EcoHome_Heating,Group1,2024-07-19,13837,167,140.27,23,google,cpc,ecohome_heating,desktop
EcoHome_Heating,Group2,2024-07-19,18234,623,375.28,14,google,cpc,ecohome_heating,mobile
EcoHome_Heating,Group3,2024-07-19,18703,75,147.99,11,google,cpc,ecohome_heating,mobile
EcoHome_SmartHome,Group1,2024-07-19,11469,459,163.29,18,google,cpc,ecohome_smarthome,desktop
EcoHome_SmartHome,Group2,2024-07-19,21608,581,134.84,14,google,cpc,ecohome_smarthome,mobile
EcoHome_SmartHome,Group3,2024-07-19,11233,369,80.55,29,google,cpc,ecohome_smarthome,mobile
EcoHome_Solar,Group1,2024-07-26,11988,308,68.14,17,google,cpc,ecohome_solar,desktop
EcoHome_Solar,Group2,2024-07-26,5009,310,72.18,11,google,cpc,ecohome_solar,desktop
EcoHome_Solar,Group3,2024-07-26,23444,217,333.46,0,google,cpc,ecohome_solar,mobile
EcoHome_Heating,Group1,2024-07-26,15568,599,194.14,29,google,cpc,ecohome_heating,mobile
EcoHome_Heating,Group2,2024-07-26,12984,630,340.72,11,google,cpc,ecohome_heating,desktop
EcoHome_Heating,Group3,2024-07-26,6908,425,396.83,1,google,cpc,ecohome_heating,desktop
EcoHome_SmartHome,Group1,2024-07-26,13162,596,374.26,21,google,cpc,ecohome_smarthome,desktop
EcoHome_SmartHome,Group2,2024-07-26,10951,398,98.92,8,google,cpc,ecohome_smarthome,mobile
EcoHome_SmartHome,Group3,2024-07-26,20524,54,132.49,13,google,cpc,ecohome_smarthome,desktop
EcoHome_Solar,Group1,2024-08-02,21984,91,187.36,7,google,cpc,ecohome_solar,desktop
EcoHome_Solar,Group2,2024-08-02,14510,665,181.93,18,google,cpc,ecohome_solar,mobile
EcoHome_Solar,Group3,2024-08-02,11565,72,203.56,0,google,cpc,ecohome_solar,mobile
EcoHome_Heating,Group1,2024-08-02,7192,274,187.02,1,google,cpc,ecohome_heating,desktop
EcoHome_Heating,Group2,2024-08-02,8687,153,268.48,18,google,cpc,ecohome_heating,desktop
EcoHome_Heating,Group3,2024-08-02,22586,603,98.75,14,google,cpc,ecohome_heating,mobile
EcoHome_SmartHome,Group1,2024-08-02,10788,338,236.71,6,google,cpc,ecohome_smarthome,mobile
EcoHome_SmartHome,Group2,2024-08-02,5419,206,103.09,0,google,cpc,ecohome_smarthome,mobile
EcoHome_SmartHome,Group3,2024-08-02,22334,338,61.74,21,google,cpc,ecohome_smarthome,desktop
EcoHome_Solar,Group1,2024-08-09,9612,684,314.12,21,google,cpc,ecohome_solar,desktop
EcoHome_Solar,Group2,2024-08-09,11371,265,261.39,14,google,cpc,ecohome_solar,mobile
EcoHome_Solar,Group3,2024-08-09,19382,373,302.79,1,google,cpc,ecohome_solar,mobile
EcoHome_Heating,Group1,2024-08-09,21478,676,292.88,3,google,cpc,ecohome_heating,desktop
EcoHome_Heating,Group2,2024-08-09,7116,60,385.68,7,google,cpc,ecohome_heating,desktop
EcoHome_Heating,Group3,2024-08-09,16397,72,211.7,13,google,cpc,ecohome_heating,mobile
EcoHome_SmartHome,Group1,2024-08-09,7443,267,255.18,29,google,cpc,ecohome_smarthome,desktop
EcoHome_SmartHome,Group2,2024-08-09,22368,672,304.13,10,google,cpc,ecohome_smarthome,desktop
EcoHome_SmartHome,Group3,2024-08-09,12147,405,371.56,4,google,cpc,ecohome_smarthome,desktop
EcoHome_Solar,Group1,2024-08-16,10959,176,103.39,27,google,cpc,ecohome_solar,mobile
EcoHome_Solar,Group2,2024-08-16,16641,100,307.76,7,google,cpc,ecohome_solar,mobile
EcoHome_Solar,Group3,2024-08-16,8797,456,92.98,4,google,cpc,ecohome_solar,mobile
EcoHome_Heating,Group1,2024-08-16,8417,671,115.21,22,google,cpc,ecohome_heating,mobile
EcoHome_Heating,Group2,2024-08-16,8072,616,129.59,14,google,cpc,ecohome_heating,mobile
EcoHome_Heating,Group3,2024-08-16,16694,358,167.32,19,google,cpc,ecohome_heating,mobile
EcoHome_SmartHome,Group1,2024-08-16,9212,624,195.08,25,google,cpc,ecohome_smarthome,mobile
EcoHome_SmartHome,Group2,2024-08-16,12973,435,213.0,26,google,cpc,ecohome_smarthome,desktop
EcoHome_SmartHome,Group3,2024-08-16,8600,689,128.61,11,google,cpc,ecohome_smarthome,mobile
EcoHome_Solar,Group1,2024-08-23,18490,231,111.74,6,google,cpc,ecohome_solar,desktop
EcoHome_Solar,Group2,2024-08-23,17997,550,370.2,16,google,cpc,ecohome_solar,mobile
EcoHome_Solar,Group3,2024-08-23,9757,205,124.44,16,google,cpc,ecohome_solar,mobile
EcoHome_Heating,Group1,2024-08-23,9944,133,210.65,19,google,cpc,ecohome_heating,desktop
EcoHome_Heating,Group2,2024-08-23,14916,409,225.77,0,google,cpc,ecohome_heating,desktop
EcoHome_Heating,Group3,2024-08-23,14181,264,199.38,23,google,cpc,ecohome_heating,mobile
EcoHome_SmartHome,Group1,2024-08-23,7079,334,268.74,28,google,cpc,ecohome_smarthome,desktop
EcoHome_SmartHome,Group2,2024-08-23,12311,473,255.61,0,google,cpc,ecohome_smarthome,desktop
EcoHome_SmartHome,Group3,2024-08-23,10490,224,234.68,21,google,cpc,ecohome_smarthome,desktop
EcoHome_Solar,Group1,2024-08-30,10232,163,223.95,18,google,cpc,ecohome_solar,mobile
EcoHome_Solar,Group2,2024-08-30,24719,104,381.14,9,google,cpc,ecohome_solar,desktop
EcoHome_Solar,Group3,2024-08-30,15093,211,193.06,22,google,cpc,ecohome_solar,mobile
EcoHome_Heating,Group1,2024-08-30,12643,227,353.45,7,google,cpc,ecohome_heating,mobile
EcoHome_Heating,Group2,2024-08-30,17600,492,226.93,7,google,cpc,ecohome_heating,desktop
EcoHome_Heating,Group3,2024-08-30,24694,278,112.49,0,google,cpc,ecohome_heating,desktop
EcoHome_SmartHome,Group1,2024-08-30,8054,313,84.8,23,google,cpc,ecohome_smarthome,desktop
EcoHome_SmartHome,Group2,2024-08-30,14503,169,332.4,15,google,cpc,ecohome_smarthome,desktop
EcoHome_SmartHome,Group3,2024-08-30,13356,231,121.74,22,google,cpc,ecohome_smarthome,desktop
EcoHome_Solar,Group1,2024-09-06,19289,56,271.63,0,google,cpc,ecohome_solar,mobile
EcoHome_Solar,Group2,2024-09-06,8452,597,275.02,17,google,cpc,ecohome_solar,desktop
EcoHome_Solar,Group3,2024-09-06,15112,572,140.8,1,google,cpc,ecohome_solar,mobile
EcoHome_Heating,Group1,2024-09-06,9566,168,143.82,4,google,cpc,ecohome_heating,mobile
EcoHome_Heating,Group2,2024-09-06,18221,305,243.22,1,google,cpc,ecohome_heating,mobile
EcoHome_Heating,Group3,2024-09-06,12083,549,391.09,11,google,cpc,ecohome_heating,desktop
EcoHome_SmartHome,Group1,2024-09-06,17880,207,220.6,13,google,cpc,ecohome_smarthome,mobile
EcoHome_SmartHome,Group2,2024-09-06,9831,164,229.36,8,google,cpc,ecohome_smarthome,desktop
EcoHome_SmartHome,Group3,2024-09-06,9033,286,190.89,8,google,cpc,ecohome_smarthome,desktop
EcoHome_Solar,Group1,2024-09-13,22685,284,197.6,25,google,cpc,ecohome_solar,desktop
EcoHome_Solar,Group2,2024-09-13,16372,659,145.31,10,google,cpc,ecohome_solar,desktop
EcoHome_Solar,Group3,2024-09-13,10475,90,145.92,16,google,cpc,ecohome_solar,mobile
EcoHome_Heating,Group1,2024-09-13,17875,648,87.3,21,google,cpc,ecohome_heating,mobile
EcoHome_Heating,Group2,2024-09-13,23458,336,355.86,7,google,cpc,ecohome_heating,desktop
EcoHome_Heating,Group3,2024-09-13,19060,504,250.65,16,google,cpc,ecohome_heating,desktop
EcoHome_SmartHome,Group1,2024-09-13,8028,525,319.82,13,google,cpc,ecohome_smarthome,desktop
EcoHome_SmartHome,Group2,2024-09-13,8067,412,114.53,20,google,cpc,ecohome_smarthome,desktop
EcoHome_SmartHome,Group3,2024-09-13,18081,78,186.25,7,google,cpc,ecohome_smarthome,mobile
EcoHome_Solar,Group1,2024-09-20,11819,162,302.54,7,google,cpc,ecohome_solar,mobile
EcoHome_Solar,Group2,2024-09-20,22717,147,188.83,23,google,cpc,ecohome_solar,desktop
EcoHome_Solar,Group3,2024-09-20,12715,197,106.7,19,google,cpc,ecohome_solar,mobile
EcoHome_Heating,Group1,2024-09-20,17112,556,258.89,1,google,cpc,ecohome_heating,mobile
EcoHome_Heating,Group2,2024-09-20,5153,499,87.31,8,google,cpc,ecohome_heating,desktop
EcoHome_Heating,Group3,2024-09-20,10136,690,223.42,10,google,cpc,ecohome_heating,desktop
EcoHome_SmartHome,Group1,2024-09-20,17312,88,76.58,17,google,cpc,ecohome_smarthome,mobile
EcoHome_SmartHome,Group2,2024-09-20,13363,484,145.25,1,google,cpc,ecohome_smarthome,desktop
EcoHome_SmartHome,Group3,2024-09-20,23706,662,82.05,26,google,cpc,ecohome_smarthome,mobile
EcoHome_Solar,Group1,2024-09-27,8004,66,382.58,22,google,cpc,ecohome_solar,mobile
EcoHome_Solar,Group2,2024-09-27,6341,641,355.53,7,google,cpc,ecohome_solar,mobile
EcoHome_Solar,Group3,2024-09-27,24092,130,280.57,21,google,cpc,ecohome_solar,desktop
EcoHome_Heating,Group1,2024-09-27,10319,586,366.18,11,google,cpc,ecohome_heating,mobile
EcoHome_Heating,Group2,2024-09-27,18849,96,65.46,15,google,cpc,ecohome_heating,mobile
EcoHome_Heating,Group3,2024-09-27,13592,135,370.42,13,google,cpc,ecohome_heating,mobile
EcoHome_SmartHome,Group1,2024-09-27,13820,568,154.07,15,google,cpc,ecohome_smarthome,desktop
EcoHome_SmartHome,Group2,2024-09-27,22905,526,215.97,29,google,cpc,ecohome_smarthome,desktop
EcoHome_SmartHome,Group3,2024-09-27,24426,451,232.85,6,google,cpc,ecohome_smarthome,mobile
EcoHome_Solar,Group1,2024-10-04,14374,201,130.5,27,google,cpc,ecohome_solar,mobile
EcoHome_Solar,Group2,2024-10-04,18409,180,293.7,7,google,cpc,ecohome_solar,desktop
EcoHome_Solar,Group3,2024-10-04,17651,88,160.35,16,google,cpc,ecohome_solar,desktop
EcoHome_Heating,Group1,2024-10-04,20317,446,269.06,15,google,cpc,ecohome_heating,mobile
EcoHome_Heating,Group2,2024-10-04,18737,157,131.54,22,google,cpc,ecohome_heating,mobile
EcoHome_Heating,Group3,2024-10-04,24625,595,57.44,22,google,cpc,ecohome_heating,mobile
EcoHome_SmartHome,Group1,2024-10-04,20775,657,329.57,6,google,cpc,ecohome_smarthome,desktop
EcoHome_SmartHome,Group2,2024-10-04,21371,78,318.52,28,google,cpc,ecohome_smarthome,desktop
EcoHome_SmartHome,Group3,2024-10-04,13436,321,355.79,14,google,cpc,ecohome_smarthome,mobile
EcoHome_Solar,Group1,2024-10-11,9361,408,232.88,0,google,cpc,ecohome_solar,desktop
EcoHome_Solar,Group2,2024-10-11,7050,478,174.12,29,google,cpc,ecohome_solar,desktop
EcoHome_Solar,Group3,2024-10-11,5145,342,64.73,0,google,cpc,ecohome_solar,mobile
EcoHome_Heating,Group1,2024-10-11,19286,634,88.31,24,google,cpc,ecohome_heating,desktop
EcoHome_Heating,Group2,2024-10-11,14155,189,384.75,4,google,cpc,ecohome_heating,mobile
EcoHome_Heating,Group3,2024-10-11,17260,429,196.15,23,google,cpc,ecohome_heating,mobile
EcoHome_SmartHome,Group1,2024-10-11,13202,111,264.69,24,google,cpc,ecohome_smarthome,mobile
EcoHome_SmartHome,Group2,2024-10-11,19899,620,190.55,28,google,cpc,ecohome_smarthome,mobile
EcoHome_SmartHome,Group3,2024-10-11,10429,292,229.44,9,google,cpc,ecohome_smarthome,mobile
EcoHome_Solar,Group1,2024-10-18,22208,267,62.86,25,google,cpc,ecohome_solar,mobile
EcoHome_Solar,Group2,2024-10-18,19199,566,70.24,14,google,cpc,ecohome_solar,mobile
EcoHome_Solar,Group3,2024-10-18,24120,570,374.71,25,google,cpc,ecohome_solar,mobile
EcoHome_Heating,Group1,2024-10-18,15106,539,230.34,17,google,cpc,ecohome_heating,desktop
EcoHome_Heating,Group2,2024-10-18,19551,52,335.54,5,google,cpc,ecohome_heating,mobile
EcoHome_Heating,Group3,2024-10-18,12287,138,257.53,13,google,cpc,ecohome_heating,mobile
EcoHome_SmartHome,Group1,2024-10-18,16873,316,357.11,2,google,cpc,ecohome_smarthome,mobile
EcoHome_SmartHome,Group2,2024-10-18,22602,381,62.4,14,google,cpc,ecohome_smarthome,desktop
EcoHome_SmartHome,Group3,2024-10-18,14752,310,307.32,1,google,cpc,ecohome_smarthome,desktop
EcoHome_Solar,Group1,2024-10-25,12291,87,140.91,4,google,cpc,ecohome_solar,desktop
EcoHome_Solar,Group2,2024-10-25,18913,503,386.74,15,google,cpc,ecohome_solar,mobile
EcoHome_Solar,Group3,2024-10-25,13987,642,71.53,12,google,cpc,ecohome_solar,desktop
EcoHome_Heating,Group1,2024-10-25,21701,398,367.28,2,google,cpc,ecohome_heating,desktop
EcoHome_Heating,Group2,2024-10-25,16303,89,248.01,12,google,cpc,ecohome_heating,mobile
EcoHome_Heating,Group3,2024-10-25,12314,385,280.46,0,google,cpc,ecohome_heating,mobile
EcoHome_SmartHome,Group1,2024-10-25,23088,412,133.54,20,google,cpc,ecohome_smarthome,desktop
EcoHome_SmartHome,Group2,2024-10-25,8738,471,116.23,4,google,cpc,ecohome_smarthome,mobile
EcoHome_SmartHome,Group3,2024-10-25,21940,80,339.04,9,google,cpc,ecohome_smarthome,desktop
EcoHome_Solar,Group1,2024-11-01,16700,600,106.27,3,google,cpc,ecohome_solar,desktop
EcoHome_Solar,Group2,2024-11-01,21077,638,227.61,6,google,cpc,ecohome_solar,desktop
EcoHome_Solar,Group3,2024-11-01,14882,162,245.95,7,google,cpc,ecohome_solar,mobile
EcoHome_Heating,Group1,2024-11-01,12009,497,238.99,2,google,cpc,ecohome_heating,desktop
EcoHome_Heating,Group2,2024-11-01,10445,516,316.36,9,google,cpc,ecohome_heating,mobile
EcoHome_Heating,Group3,2024-11-01,14439,461,271.42,29,google,cpc,ecohome_heating,mobile
EcoHome_SmartHome,Group1,2024-11-01,10084,327,378.03,3,google,cpc,ecohome_smarthome,desktop
EcoHome_SmartHome,Group2,2024-11-01,12491,241,297.86,21,google,cpc,ecohome_smarthome,mobile
EcoHome_SmartHome,Group3,2024-11-01,13073,71,267.32,26,google,cpc,ecohome_smarthome,desktop
EcoHome_Solar,Group1,2024-11-08,7353,319,390.72,28,google,cpc,ecohome_solar,desktop
EcoHome_Solar,Group2,2024-11-08,16939,276,258.04,11,google,cpc,ecohome_solar,mobile
EcoHome_Solar,Group3,2024-11-08,16296,695,180.14,18,google,cpc,ecohome_solar,mobile
EcoHome_Heating,Group1,2024-11-08,16801,531,145.77,28,google,cpc,ecohome_heating,desktop
EcoHome_Heating,Group2,2024-11-08,19288,148,207.99,6,google,cpc,ecohome_heating,mobile
EcoHome_Heating,Group3,2024-11-08,14078,206,154.43,1,google,cpc,ecohome_heating,mobile
EcoHome_SmartHome,Group1,2024-11-08,18261,133,279.08,26,google,cpc,ecohome_smarthome,mobile
EcoHome_SmartHome,Group2,2024-11-08,24280,431,102.87,27,google,cpc,ecohome_smarthome,mobile
EcoHome_SmartHome,Group3,2024-11-08,11446,133,189.16,24,google,cpc,ecohome_smarthome,mobile
EcoHome_Solar,Group1,2024-11-15,10626,306,162.26,5,google,cpc,ecohome_solar,mobile
EcoHome_Solar,Group2,2024-11-15,16425,212,60.9,24,google,cpc,ecohome_solar,desktop
EcoHome_Solar,Group3,2024-11-15,20883,320,215.04,26,google,cpc,ecohome_solar,desktop
EcoHome_Heating,Group1,2024-11-15,11573,654,321.81,14,google,cpc,ecohome_heating,mobile
EcoHome_Heating,Group2,2024-11-15,18997,611,316.36,2,google,cpc,ecohome_heating,mobile
EcoHome_Heating,Group3,2024-11-15,22343,585,372.3,2,google,cpc,ecohome_heating,desktop
EcoHome_SmartHome,Group1,2024-11-15,5526,202,50.43,6,google,cpc,ecohome_smarthome,mobile
EcoHome_SmartHome,Group2,2024-11-15,18547,570,120.18,24,google,cpc,ecohome_smarthome,desktop
EcoHome_SmartHome,Group3,2024-11-15,10109,550,144.15,23,google,cpc,ecohome_smarthome,desktop
EcoHome_Solar,Group1,2024-11-22,9167,323,288.16,17,google,cpc,ecohome_solar,desktop
EcoHome_Solar,Group2,2024-11-22,13357,593,279.94,24,google,cpc,ecohome_solar,mobile
EcoHome_Solar,Group3,2024-11-22,23427,151,367.74,10,google,cpc,ecohome_solar,desktop
EcoHome_Heating,Group1,2024-11-22,8762,137,101.07,11,google,cpc,ecohome_heating,mobile
EcoHome_Heating,Group2,2024-11-22,24501,512,224.61,21,google,cpc,ecohome_heating,desktop
EcoHome_Heating,Group3,2024-11-22,21019,291,164.26,1,google,cpc,ecohome_heating,mobile
EcoHome_SmartHome,Group1,2024-11-22,19056,638,77.5,21,google,cpc,ecohome_smarthome,mobile
EcoHome_SmartHome,Group2,2024-11-22,15433,215,248.64,13,google,cpc,ecohome_smarthome,desktop
EcoHome_SmartHome,Group3,2024-11-22,21369,192,120.05,22,google,cpc,ecohome_smarthome,desktop
EcoHome_Solar,Group1,2024-11-29,23279,366,297.27,5,google,cpc,ecohome_solar,mobile
EcoHome_Solar,Group2,2024-11-29,11917,122,68.19,8,google,cpc,ecohome_solar,desktop
EcoHome_Solar,Group3,2024-11-29,8911,367,324.2,14,google,cpc,ecohome_solar,mobile
EcoHome_Heating,Group1,2024-11-29,7430,56,281.29,15,google,cpc,ecohome_heating,desktop
EcoHome_Heating,Group2,2024-11-29,16653,363,324.34,2,google,cpc,ecohome_heating,mobile
EcoHome_Heating,Group3,2024-11-29,9109,61,136.49,12,google,cpc,ecohome_heating,mobile
EcoHome_SmartHome,Group1,2024-11-29,18612,292,126.72,22,google,cpc,ecohome_smarthome,desktop
EcoHome_SmartHome,Group2,2024-11-29,24811,680,201.78,18,google,cpc,ecohome_smarthome,desktop
EcoHome_SmartHome,Group3,2024-11-29,15181,598,398.72,8,google,cpc,ecohome_smarthome,mobile
EcoHome_Solar,Group1,2024-12-06,21002,84,127.2,21,google,cpc,ecohome_solar,mobile
EcoHome_Solar,Group2,2024-12-06,18518,402,344.16,16,google,cpc,ecohome_solar,desktop
EcoHome_Solar,Group3,2024-12-06,19036,208,195.57,23,google,cpc,ecohome_solar,desktop
EcoHome_Heating,Group1,2024-12-06,20140,565,307.37,29,google,cpc,ecohome_heating,desktop
EcoHome_Heating,Group2,2024-12-06,5955,201,240.16,18,google,cpc,ecohome_heating,desktop
EcoHome_Heating,Group3,2024-12-06,11563,299,303.84,3,google,cpc,ecohome_heating,desktop
EcoHome_SmartHome,Group1,2024-12-06,16171,344,146.89,18,google,cpc,ecohome_smarthome,desktop
EcoHome_SmartHome,Group2,2024-12-06,14461,686,123.73,12,google,cpc,ecohome_smarthome,desktop
EcoHome_SmartHome,Group3,2024-12-06,24342,569,191.86,29,google,cpc,ecohome_smarthome,mobile
EcoHome_Solar,Group1,2024-12-13,16561,575,389.99,22,google,cpc,ecohome_solar,mobile
EcoHome_Solar,Group2,2024-12-13,17197,602,136.53,27,google,cpc,ecohome_solar,mobile
EcoHome_Solar,Group3,2024-12-13,6646,63,230.19,24,google,cpc,ecohome_solar,desktop
EcoHome_Heating,Group1,2024-12-13,13321,194,186.88,24,google,cpc,ecohome_heating,desktop
EcoHome_Heating,Group2,2024-12-13,7113,212,279.86,0,google,cpc,ecohome_heating,desktop
EcoHome_Heating,Group3,2024-12-13,17588,352,132.14,9,google,cpc,ecohome_heating,mobile
EcoHome_SmartHome,Group1,2024-12-13,5629,319,165.81,28,google,cpc,ecohome_smarthome,desktop
EcoHome_SmartHome,Group2,2024-12-13,16083,410,200.81,19,google,cpc,ecohome_smarthome,desktop
EcoHome_SmartHome,Group3,2024-12-13,18994,562,138.38,21,google,cpc,ecohome_smarthome,desktop
EcoHome_Solar,Group1,2024-12-20,14499,170,261.94,14,google,cpc,ecohome_solar,mobile
EcoHome_Solar,Group2,2024-12-20,20563,214,323.63,23,google,cpc,ecohome_solar,desktop
EcoHome_Solar,Group3,2024-12-20,19135,205,352.48,5,google,cpc,ecohome_solar,desktop
EcoHome_Heating,Group1,2024-12-20,22658,383,69.98,4,google,cpc,ecohome_heating,desktop
EcoHome_Heating,Group2,2024-12-20,5281,50,92.74,5,google,cpc,ecohome_heating,mobile
EcoHome_Heating,Group3,2024-12-20,10178,210,227.53,13,google,cpc,ecohome_heating,desktop
EcoHome_SmartHome,Group1,2024-12-20,13467,291,387.79,10,google,cpc,ecohome_smarthome,desktop
EcoHome_SmartHome,Group2,2024-12-20,17504,355,390.58,6,google,cpc,ecohome_smarthome,mobile
EcoHome_SmartHome,Group3,2024-12-20,11638,476,221.1,11,google,cpc,ecohome_smarthome,desktop
EcoHome_Solar,Group1,2024-12-27,17115,200,60.49,12,google,cpc,ecohome_solar,desktop
EcoHome_Solar,Group2,2024-12-27,6969,424,106.83,20,google,cpc,ecohome_solar,mobile
EcoHome_Solar,Group3,2024-12-27,14206,401,132.1,14,google,cpc,ecohome_solar,desktop
EcoHome_Heating,Group1,2024-12-27,22582,242,343.34,25,google,cpc,ecohome_heating,mobile
EcoHome_Heating,Group2,2024-12-27,20504,587,354.12,7,google,cpc,ecohome_heating,mobile
EcoHome_Heating,Group3,2024-12-27,22370,394,291.33,0,google,cpc,ecohome_heating,mobile
EcoHome_SmartHome,Group1,2024-12-27,18598,102,283.44,8,google,cpc,ecohome_smarthome,desktop
EcoHome_SmartHome,Group2,2024-12-27,13125,269,105.75,5,google,cpc,ecohome_smarthome,mobile
EcoHome_SmartHome,Group3,2024-12-27,10704,210,192.42,15,google,cpc,ecohome_smarthome,mobile
EcoHome_Solar,Group1,2025-01-03,24614,538,88.19,1,google,cpc,ecohome_solar,mobile
EcoHome_Solar,Group2,2025-01-03,8173,543,373.99,18,google,cpc,ecohome_solar,desktop
EcoHome_Solar,Group3,2025-01-03,8553,643,357.26,22,google,cpc,ecohome_solar,mobile
EcoHome_Heating,Group1,2025-01-03,22772,380,181.49,29,google,cpc,ecohome_heating,desktop
EcoHome_Heating,Group2,2025-01-03,21838,650,164.93,0,google,cpc,ecohome_heating,desktop
EcoHome_Heating,Group3,2025-01-03,9806,192,293.41,27,google,cpc,ecohome_heating,mobile
EcoHome_SmartHome,Group1,2025-01-03,10592,466,133.14,16,google,cpc,ecohome_smarthome,mobile
EcoHome_SmartHome,Group2,2025-01-03,19437,316,261.21,13,google,cpc,ecohome_smarthome,desktop
EcoHome_SmartHome,Group3,2025-01-03,7989,52,239.83,7,google,cpc,ecohome_smarthome,desktop
EcoHome_Solar,Group1,2025-01-10,15693,678,334.82,24,google,cpc,ecohome_solar,desktop
EcoHome_Solar,Group2,2025-01-10,21353,353,253.06,11,google,cpc,ecohome_solar,desktop
EcoHome_Solar,Group3,2025-01-10,16022,92,317.71,5,google,cpc,ecohome_solar,desktop
EcoHome_Heating,Group1,2025-01-10,18178,476,56.38,22,google,cpc,ecohome_heating,mobile
EcoHome_Heating,Group2,2025-01-10,14206,385,276.62,27,google,cpc,ecohome_heating,mobile
EcoHome_Heating,Group3,2025-01-10,13906,100,71.09,20,google,cpc,ecohome_heating,mobile
EcoHome_SmartHome,Group1,2025-01-10,9882,383,220.06,15,google,cpc,ecohome_smarthome,mobile
EcoHome_SmartHome,Group2,2025-01-10,8610,205,238.71,15,google,cpc,ecohome_smarthome,desktop
EcoHome_SmartHome,Group3,2025-01-10,14873,51,145.42,3,google,cpc,ecohome_smarthome,desktop
EcoHome_Solar,Group1,2025-01-17,24914,312,288.39,9,google,cpc,ecohome_solar,mobile
EcoHome_Solar,Group2,2025-01-17,12052,208,298.17,23,google,cpc,ecohome_solar,mobile
EcoHome_Solar,Group3,2025-01-17,13636,347,371.21,19,google,cpc,ecohome_solar,desktop
EcoHome_Heating,Group1,2025-01-17,17149,434,180.73,12,google,cpc,ecohome_heating,desktop
EcoHome_Heating,Group2,2025-01-17,16130,190,260.56,21,google,cpc,ecohome_heating,mobile
EcoHome_Heating,Group3,2025-01-17,14435,75,124.22,9,google,cpc,ecohome_heating,desktop
EcoHome_SmartHome,Group1,2025-01-17,15617,682,343.95,7,google,cpc,ecohome_smarthome,desktop
EcoHome_SmartHome,Group2,2025-01-17,22456,203,139.48,3,google,cpc,ecohome_smarthome,desktop
EcoHome_SmartHome,Group3,2025-01-17,11807,580,347.91,6,google,cpc,ecohome_smarthome,desktop
EcoHome_Solar,Group1,2025-01-24,5145,488,255.31,14,google,cpc,ecohome_solar,mobile
EcoHome_Solar,Group2,2025-01-24,21866,157,351.98,22,google,cpc,ecohome_solar,mobile
EcoHome_Solar,Group3,2025-01-24,21336,481,159.3,2,google,cpc,ecohome_solar,desktop
EcoHome_Heating,Group1,2025-01-24,12622,209,273.29,8,google,cpc,ecohome_heating,desktop
EcoHome_Heating,Group2,2025-01-24,22484,558,70.46,24,google,cpc,ecohome_heating,desktop
EcoHome_Heating,Group3,2025-01-24,22727,312,293.3,2,google,cpc,ecohome_heating,desktop
EcoHome_SmartHome,Group1,2025-01-24,16543,351,86.44,25,google,cpc,ecohome_smarthome,desktop
EcoHome_SmartHome,Group2,2025-01-24,15793,337,145.96,13,google,cpc,ecohome_smarthome,desktop
EcoHome_SmartHome,Group3,2025-01-24,18031,402,258.51,8,google,cpc,ecohome_smarthome,desktop
EcoHome_Solar,Group1,2025-01-31,15106,119,174.25,3,google,cpc,ecohome_solar,mobile
EcoHome_Solar,Group2,2025-01-31,11704,691,284.36,11,google,cpc,ecohome_solar,mobile
EcoHome_Solar,Group3,2025-01-31,9255,198,144.9,7,google,cpc,ecohome_solar,desktop
EcoHome_Heating,Group1,2025-01-31,13258,430,209.9,21,google,cpc,ecohome_heating,desktop
EcoHome_Heating,Group2,2025-01-31,10249,221,281.64,16,google,cpc,ecohome_heating,mobile
EcoHome_Heating,Group3,2025-01-31,14686,165,71.05,11,google,cpc,ecohome_heating,desktop
EcoHome_SmartHome,Group1,2025-01-31,19788,526,291.5,24,google,cpc,ecohome_smarthome,mobile
EcoHome_SmartHome,Group2,2025-01-31,5207,667,83.84,24,google,cpc,ecohome_smarthome,mobile
EcoHome_SmartHome,Group3,2025-01-31,8083,449,282.72,19,google,cpc,ecohome_smarthome,mobile
EcoHome_Solar,Group1,2025-02-07,6679,591,132.12,27,google,cpc,ecohome_solar,mobile
EcoHome_Solar,Group2,2025-02-07,20463,679,397.37,7,google,cpc,ecohome_solar,desktop
EcoHome_Solar,Group3,2025-02-07,13555,370,344.71,20,google,cpc,ecohome_solar,desktop
EcoHome_Heating,Group1,2025-02-07,9895,210,262.97,11,google,cpc,ecohome_heating,desktop
EcoHome_Heating,Group2,2025-02-07,14715,558,62.66,0,google,cpc,ecohome_heating,mobile
EcoHome_Heating,Group3,2025-02-07,23792,390,171.21,24,google,cpc,ecohome_heating,mobile
EcoHome_SmartHome,Group1,2025-02-07,23880,229,147.9,25,google,cpc,ecohome_smarthome,desktop
EcoHome_SmartHome,Group2,2025-02-07,9406,311,371.79,10,google,cpc,ecohome_smarthome,mobile
EcoHome_SmartHome,Group3,2025-02-07,9437,365,348.0,9,google,cpc,ecohome_smarthome,desktop
EcoHome_Solar,Group1,2025-02-14,5560,91,238.91,12,google,cpc,ecohome_solar,mobile
EcoHome_Solar,Group2,2025-02-14,16421,265,236.37,13,google,cpc,ecohome_solar,desktop
EcoHome_Solar,Group3,2025-02-14,24522,56,156.64,8,google,cpc,ecohome_solar,mobile
EcoHome_Heating,Group1,2025-02-14,18716,627,103.83,2,google,cpc,ecohome_heating,desktop
EcoHome_Heating,Group2,2025-02-14,12373,315,337.87,24,google,cpc,ecohome_heating,mobile
EcoHome_Heating,Group3,2025-02-14,13286,159,364.39,13,google,cpc,ecohome_heating,mobile
EcoHome_SmartHome,Group1,2025-02-14,20795,532,189.53,24,google,cpc,ecohome_smarthome,mobile
EcoHome_SmartHome,Group2,2025-02-14,20476,531,73.86,1,google,cpc,ecohome_smarthome,desktop
EcoHome_SmartHome,Group3,2025-02-14,21920,128,387.09,27,google,cpc,ecohome_smarthome,desktop
EcoHome_Solar,Group1,2025-02-21,12967,177,201.37,12,google,cpc,ecohome_solar,mobile
EcoHome_Solar,Group2,2025-02-21,5845,581,203.83,27,google,cpc,ecohome_solar,mobile
EcoHome_Solar,Group3,2025-02-21,17677,92,266.86,27,google,cpc,ecohome_solar,mobile
EcoHome_Heating,Group1,2025-02-21,11610,336,71.47,18,google,cpc,ecohome_heating,desktop
EcoHome_Heating,Group2,2025-02-21,11488,691,219.61,17,google,cpc,ecohome_heating,mobile
EcoHome_Heating,Group3,2025-02-21,10078,132,109.73,20,google,cpc,ecohome_heating,mobile
EcoHome_SmartHome,Group1,2025-02-21,22563,239,142.89,6,google,cpc,ecohome_smarthome,desktop
EcoHome_SmartHome,Group2,2025-02-21,13800,309,271.62,7,google,cpc,ecohome_smarthome,mobile
EcoHome_SmartHome,Group3,2025-02-21,15340,408,127.28,28,google,cpc,ecohome_smarthome,desktop
EcoHome_Solar,Group1,2025-02-28,5419,173,346.81,17,google,cpc,ecohome_solar,mobile
EcoHome_Solar,Group2,2025-02-28,14700,677,191.68,28,google,cpc,ecohome_solar,mobile
EcoHome_Solar,Group3,2025-02-28,6549,504,306.77,21,google,cpc,ecohome_solar,mobile
EcoHome_Heating,Group1,2025-02-28,9481,623,218.47,21,google,cpc,ecohome_heating,desktop
EcoHome_Heating,Group2,2025-02-28,12758,699,288.34,23,google,cpc,ecohome_heating,mobile
EcoHome_Heating,Group3,2025-02-28,19828,262,119.6,4,google,cpc,ecohome_heating,mobile
EcoHome_SmartHome,Group1,2025-02-28,5671,213,179.99,16,google,cpc,ecohome_smarthome,desktop
EcoHome_SmartHome,Group2,2025-02-28,15634,357,143.11,20,google,cpc,ecohome_smarthome,desktop
EcoHome_SmartHome,Group3,2025-02-28,15749,595,163.64,27,google,cpc,ecohome_smarthome,desktop
EcoHome_Solar,Group1,2025-03-07,12394,485,350.85,9,google,cpc,ecohome_solar,mobile
EcoHome_Solar,Group2,2025-03-07,15636,674,384.37,16,google,cpc,ecohome_solar,desktop
EcoHome_Solar,Group3,2025-03-07,5392,474,290.85,27,google,cpc,ecohome_solar,desktop
EcoHome_Heating,Group1,2025-03-07,11172,146,344.31,25,google,cpc,ecohome_heating,desktop
EcoHome_Heating,Group2,2025-03-07,23663,333,273.02,1,google,cpc,ecohome_heating,desktop
EcoHome_Heating,Group3,2025-03-07,23631,128,361.29,22,google,cpc,ecohome_heating,desktop
EcoHome_SmartHome,Group1,2025-03-07,19916,465,395.9,22,google,cpc,ecohome_smarthome,mobile
EcoHome_SmartHome,Group2,2025-03-07,14223,249,79.68,10,google,cpc,ecohome_smarthome,mobile
EcoHome_SmartHome,Group3,2025-03-07,12788,484,74.94,23,google,cpc,ecohome_smarthome,mobile
EcoHome_Solar,Group1,2025-03-14,23052,197,308.13,25,google,cpc,ecohome_solar,mobile
EcoHome_Solar,Group2,2025-03-14,21749,277,172.4,14,google,cpc,ecohome_solar,mobile
EcoHome_Solar,Group3,2025-03-14,10510,548,114.82,10,google,cpc,ecohome_solar,desktop
EcoHome_Heating,Group1,2025-03-14,13964,399,340.69,7,google,cpc,ecohome_heating,desktop
EcoHome_Heating,Group2,2025-03-14,19473,599,78.92,15,google,cpc,ecohome_heating,desktop
EcoHome_Heating,Group3,2025-03-14,22630,697,319.23,24,google,cpc,ecohome_heating,mobile
EcoHome_SmartHome,Group1,2025-03-14,24393,512,121.99,16,google,cpc,ecohome_smarthome,desktop
EcoHome_SmartHome,Group2,2025-03-14,11979,639,74.24,24,google,cpc,ecohome_smarthome,desktop
EcoHome_SmartHome,Group3,2025-03-14,11910,419,162.78,3,google,cpc,ecohome_smarthome,desktop
EcoHome_Solar,Group1,2025-03-21,10978,537,89.88,12,google,cpc,ecohome_solar,mobile
EcoHome_Solar,Group2,2025-03-21,11303,400,232.27,27,google,cpc,ecohome_solar,desktop
EcoHome_Solar,Group3,2025-03-21,21905,322,374.83,22,google,cpc,ecohome_solar,mobile
EcoHome_Heating,Group1,2025-03-21,9583,173,186.03,17,google,cpc,ecohome_heating,desktop
EcoHome_Heating,Group2,2025-03-21,17275,463,374.91,11,google,cpc,ecohome_heating,desktop
EcoHome_Heating,Group3,2025-03-21,5685,162,276.03,2,google,cpc,ecohome_heating,desktop
EcoHome_SmartHome,Group1,2025-03-21,20990,88,346.28,8,google,cpc,ecohome_smarthome,mobile
EcoHome_SmartHome,Group2,2025-03-21,7196,446,127.37,29,google,cpc,ecohome_smarthome,desktop
EcoHome_SmartHome,Group3,2025-03-21,5301,409,245.23,22,google,cpc,ecohome_smarthome,desktop
EcoHome_Solar,Group1,2025-03-28,14951,252,162.02,21,google,cpc,ecohome_solar,mobile
EcoHome_Solar,Group2,2025-03-28,15773,515,87.78,20,google,cpc,ecohome_solar,mobile
EcoHome_Solar,Group3,2025-03-28,20921,656,220.94,22,google,cpc,ecohome_solar,desktop
EcoHome_Heating,Group1,2025-03-28,15517,470,256.62,23,google,cpc,ecohome_heating,mobile
EcoHome_Heating,Group2,2025-03-28,13894,679,247.76,28,google,cpc,ecohome_heating,desktop
EcoHome_Heating,Group3,2025-03-28,10926,157,272.7,4,google,cpc,ecohome_heating,mobile
EcoHome_SmartHome,Group1,2025-03-28,13553,235,53.27,0,google,cpc,ecohome_smarthome,desktop
EcoHome_SmartHome,Group2,2025-03-28,21898,498,147.27,2,google,cpc,ecohome_smarthome,desktop
EcoHome_SmartHome,Group3,2025-03-28,15047,540,158.83,20,google,cpc,ecohome_smarthome,desktop
EcoHome_Solar,Group1,2025-04-04,11445,280,265.24,1,google,cpc,ecohome_solar,mobile
EcoHome_Solar,Group2,2025-04-04,7159,62,238.54,3,google,cpc,ecohome_solar,desktop
EcoHome_Solar,Group3,2025-04-04,15473,651,343.99,11,google,cpc,ecohome_solar,mobile
EcoHome_Heating,Group1,2025-04-04,22421,682,385.33,24,google,cpc,ecohome_heating,desktop
EcoHome_Heating,Group2,2025-04-04,24018,119,356.83,4,google,cpc,ecohome_heating,desktop
EcoHome_Heating,Group3,2025-04-04,7179,672,207.01,19,google,cpc,ecohome_heating,desktop
EcoHome_SmartHome,Group1,2025-04-04,19871,276,98.24,5,google,cpc,ecohome_smarthome,mobile
EcoHome_SmartHome,Group2,2025-04-04,18109,454,60.17,13,google,cpc,ecohome_smarthome,desktop
EcoHome_SmartHome,Group3,2025-04-04,6080,69,190.81,6,google,cpc,ecohome_smarthome,desktop
EcoHome_Solar,Group1,2025-04-11,8292,575,303.19,4,google,cpc,ecohome_solar,desktop
EcoHome_Solar,Group2,2025-04-11,11643,585,286.76,17,google,cpc,ecohome_solar,mobile
EcoHome_Solar,Group3,2025-04-11,16154,368,76.97,21,google,cpc,ecohome_solar,desktop
EcoHome_Heating,Group1,2025-04-11,14324,125,324.71,5,google,cpc,ecohome_heating,mobile
EcoHome_Heating,Group2,2025-04-11,16166,68,204.07,3,google,cpc,ecohome_heating,desktop
EcoHome_Heating,Group3,2025-04-11,11256,232,132.55,19,google,cpc,ecohome_heating,mobile
EcoHome_SmartHome,Group1,2025-04-11,24194,525,307.48,10,google,cpc,ecohome_smarthome,mobile
EcoHome_SmartHome,Group2,2025-04-11,6019,167,274.9,16,google,cpc,ecohome_smarthome,desktop
EcoHome_SmartHome,Group3,2025-04-11,6283,96,91.42,5,google,cpc,ecohome_smarthome,mobile
EcoHome_Solar,Group1,2025-04-18,23509,173,184.34,8,google,cpc,ecohome_solar,desktop
EcoHome_Solar,Group2,2025-04-18,8471,554,247.94,9,google,cpc,ecohome_solar,desktop
EcoHome_Solar,Group3,2025-04-18,19082,668,58.47,29,google,cpc,ecohome_solar,desktop
EcoHome_Heating,Group1,2025-04-18,7757,612,379.24,9,google,cpc,ecohome_heating,mobile
EcoHome_Heating,Group2,2025-04-18,10017,630,344.68,4,google,cpc,ecohome_heating,desktop
EcoHome_Heating,Group3,2025-04-18,7096,123,378.07,3,google,cpc,ecohome_heating,desktop
EcoHome_SmartHome,Group1,2025-04-18,24715,687,304.78,17,google,cpc,ecohome_smarthome,mobile
EcoHome_SmartHome,Group2,2025-04-18,7839,362,52.46,8,google,cpc,ecohome_smarthome,desktop
EcoHome_SmartHome,Group3,2025-04-18,22069,413,97.37,19,google,cpc,ecohome_smarthome,desktop
EcoHome_Solar,Group1,2025-04-25,17835,457,69.97,29,google,cpc,ecohome_solar,desktop
EcoHome_Solar,Group2,2025-04-25,14435,212,146.46,13,google,cpc,ecohome_solar,desktop
EcoHome_Solar,Group3,2025-04-25,22289,449,315.79,9,google,cpc,ecohome_solar,mobile
EcoHome_Heating,Group1,2025-04-25,5204,631,72.88,12,google,cpc,ecohome_heating,desktop
EcoHome_Heating,Group2,2025-04-25,7643,299,246.7,20,google,cpc,ecohome_heating,desktop
EcoHome_Heating,Group3,2025-04-25,22073,568,80.25,14,google,cpc,ecohome_heating,desktop
EcoHome_SmartHome,Group1,2025-04-25,22055,252,387.19,14,google,cpc,ecohome_smarthome,desktop
EcoHome_SmartHome,Group2,2025-04-25,11342,475,339.75,23,google,cpc,ecohome_smarthome,desktop
EcoHome_SmartHome,Group3,2025-04-25,10432,214,393.45,17,google,cpc,ecohome_smarthome,mobile
EcoHome_Solar,Group1,2025-05-02,6753,354,212.38,24,google,cpc,ecohome_solar,mobile
EcoHome_Solar,Group2,2025-05-02,15123,494,89.93,17,google,cpc,ecohome_solar,mobile
EcoHome_Solar,Group3,2025-05-02,20352,376,289.31,0,google,cpc,ecohome_solar,mobile
EcoHome_Heating,Group1,2025-05-02,14879,622,129.59,27,google,cpc,ecohome_heating,desktop
EcoHome_Heating,Group2,2025-05-02,23474,472,297.74,16,google,cpc,ecohome_heating,desktop
EcoHome_Heating,Group3,2025-05-02,22901,247,346.42,9,google,cpc,ecohome_heating,mobile
EcoHome_SmartHome,Group1,2025-05-02,22921,71,347.49,1,google,cpc,ecohome_smarthome,desktop
EcoHome_SmartHome,Group2,2025-05-02,5097,193,194.12,28,google,cpc,ecohome_smarthome,mobile
EcoHome_SmartHome,Group3,2025-05-02,13535,343,332.24,9,google,cpc,ecohome_smarthome,mobile
EcoHome_Solar,Group1,2025-05-09,6727,292,325.2,6,google,cpc,ecohome_solar,mobile
EcoHome_Solar,Group2,2025-05-09,17819,203,165.58,13,google,cpc,ecohome_solar,desktop
EcoHome_Solar,Group3,2025-05-09,10774,425,94.19,14,google,cpc,ecohome_solar,desktop
EcoHome_Heating,Group1,2025-05-09,19939,430,207.93,25,google,cpc,ecohome_heating,desktop
EcoHome_Heating,Group2,2025-05-09,12193,496,243.38,23,google,cpc,ecohome_heating,desktop
EcoHome_Heating,Group3,2025-05-09,15183,93,238.55,19,google,cpc,ecohome_heating,mobile
EcoHome_SmartHome,Group1,2025-05-09,20795,650,189.08,10,google,cpc,ecohome_smarthome,mobile
EcoHome_SmartHome,Group2,2025-05-09,11852,356,118.46,11,google,cpc,ecohome_smarthome,desktop
EcoHome_SmartHome,Group3,2025-05-09,21391,557,327.5,3,google,cpc,ecohome_smarthome,mobile
EcoHome_Solar,Group1,2025-05-16,12239,616,274.94,14,google,cpc,ecohome_solar,desktop
EcoHome_Solar,Group2,2025-05-16,7285,153,232.07,27,google,cpc,ecohome_solar,desktop
EcoHome_Solar,Group3,2025-05-16,24909,317,108.11,15,google,cpc,ecohome_solar,mobile
EcoHome_Heating,Group1,2025-05-16,16116,308,364.02,10,google,cpc,ecohome_heating,desktop
EcoHome_Heating,Group2,2025-05-16,11629,269,120.71,7,google,cpc,ecohome_heating,mobile
EcoHome_Heating,Group3,2025-05-16,19203,668,159.61,29,google,cpc,ecohome_heating,desktop
EcoHome_SmartHome,Group1,2025-05-16,10906,593,91.18,10,google,cpc,ecohome_smarthome,desktop
EcoHome_SmartHome,Group2,2025-05-16,17150,65,395.95,12,google,cpc,ecohome_smarthome,mobile
EcoHome_SmartHome,Group3,2025-05-16,24988,318,163.05,27,google,cpc,ecohome_smarthome,desktop
EcoHome_Solar,Group1,2025-05-23,6529,620,106.78,26,google,cpc,ecohome_solar,mobile
EcoHome_Solar,Group2,2025-05-23,14752,180,234.59,24,google,cpc,ecohome_solar,desktop
EcoHome_Solar,Group3,2025-05-23,5226,525,350.36,19,google,cpc,ecohome_solar,desktop
EcoHome_Heating,Group1,2025-05-23,5645,260,315.85,24,google,cpc,ecohome_heating,mobile
EcoHome_Heating,Group2,2025-05-23,24374,413,210.74,20,google,cpc,ecohome_heating,desktop
EcoHome_Heating,Group3,2025-05-23,18537,180,357.94,29,google,cpc,ecohome_heating,desktop
EcoHome_SmartHome,Group1,2025-05-23,9079,326,89.53,25,google,cpc,ecohome_smarthome,desktop
EcoHome_SmartHome,Group2,2025-05-23,23099,595,171.78,14,google,cpc,ecohome_smarthome,desktop
EcoHome_SmartHome,Group3,2025-05-23,10433,124,277.9,15,google,cpc,ecohome_smarthome,desktop
EcoHome_Solar,Group1,2025-05-30,21021,322,344.51,10,google,cpc,ecohome_solar,desktop
EcoHome_Solar,Group2,2025-05-30,12950,338,94.19,15,google,cpc,ecohome_solar,desktop
EcoHome_Solar,Group3,2025-05-30,6089,532,290.21,27,google,cpc,ecohome_solar,mobile
EcoHome_Heating,Group1,2025-05-30,6958,503,349.51,27,google,cpc,ecohome_heating,mobile
EcoHome_Heating,Group2,2025-05-30,8830,689,275.01,3,google,cpc,ecohome_heating,desktop
EcoHome_Heating,Group3,2025-05-30,19478,240,73.98,24,google,cpc,ecohome_heating,mobile
EcoHome_SmartHome,Group1,2025-05-30,22332,351,315.74,3,google,cpc,ecohome_smarthome,desktop
EcoHome_SmartHome,Group2,2025-05-30,5392,256,141.1,0,google,cpc,ecohome_smarthome,desktop
EcoHome_SmartHome,Group3,2025-05-30,12418,268,246.15,26,google,cpc,ecohome_smarthome,desktop
EcoHome_Solar,Group1,2025-06-06,20223,607,211.13,3,google,cpc,ecohome_solar,mobile
EcoHome_Solar,Group2,2025-06-06,14031,596,194.47,13,google,cpc,ecohome_solar,mobile
EcoHome_Solar,Group3,2025-06-06,13787,330,197.51,13,google,cpc,ecohome_solar,desktop
EcoHome_Heating,Group1,2025-06-06,19949,132,390.47,2,google,cpc,ecohome_heating,desktop
EcoHome_Heating,Group2,2025-06-06,10075,222,386.98,8,google,cpc,ecohome_heating,mobile
EcoHome_Heating,Group3,2025-06-06,18947,424,236.44,18,google,cpc,ecohome_heating,mobile
EcoHome_SmartHome,Group1,2025-06-06,9493,169,296.29,28,google,cpc,ecohome_smarthome,desktop
EcoHome_SmartHome,Group2,2025-06-06,15704,335,66.14,0,google,cpc,ecohome_smarthome,desktop
EcoHome_SmartHome,Group3,2025-06-06,19424,252,75.98,8,google,cpc,ecohome_smarthome,mobile
EcoHome_Solar,Group1,2025-06-13,5040,117,357.03,1,google,cpc,ecohome_solar,mobile
EcoHome_Solar,Group2,2025-06-13,12804,671,169.14,23,google,cpc,ecohome_solar,mobile
EcoHome_Solar,Group3,2025-06-13,10374,65,133.83,16,google,cpc,ecohome_solar,desktop
EcoHome_Heating,Group1,2025-06-13,14885,317,253.98,13,google,cpc,ecohome_heating,desktop
EcoHome_Heating,Group2,2025-06-13,6492,374,138.31,4,google,cpc,ecohome_heating,mobile
EcoHome_Heating,Group3,2025-06-13,12851,250,368.37,3,google,cpc,ecohome_heating,mobile
EcoHome_SmartHome,Group1,2025-06-13,14168,531,357.64,0,google,cpc,ecohome_smarthome,desktop
EcoHome_SmartHome,Group2,2025-06-13,5342,480,78.77,21,google,cpc,ecohome_smarthome,desktop
EcoHome_SmartHome,Group3,2025-06-13,11317,608,98.13,18,google,cpc,ecohome_smarthome,desktop
EcoHome_Solar,Group1,2025-06-20,21789,281,381.84,5,google,cpc,ecohome_solar,desktop
EcoHome_Solar,Group2,2025-06-20,17466,181,286.75,27,google,cpc,ecohome_solar,desktop
EcoHome_Solar,Group3,2025-06-20,5771,455,325.36,2,google,cpc,ecohome_solar,desktop
EcoHome_Heating,Group1,2025-06-20,18803,243,145.05,26,google,cpc,ecohome_heating,mobile
EcoHome_Heating,Group2,2025-06-20,14984,633,271.94,5,google,cpc,ecohome_heating,desktop
EcoHome_Heating,Group3,2025-06-20,11716,311,65.98,7,google,cpc,ecohome_heating,mobile
EcoHome_SmartHome,Group1,2025-06-20,24835,411,390.04,28,google,cpc,ecohome_smarthome,mobile
EcoHome_SmartHome,Group2,2025-06-20,7800,473,214.41,15,google,cpc,ecohome_smarthome,mobile
EcoHome_SmartHome,Group3,2025-06-20,10808,98,52.68,29,google,cpc,ecohome_smarthome,desktop
EcoHome_Solar,Group1,2025-06-27,9650,453,87.81,25,google,cpc,ecohome_solar,mobile
EcoHome_Solar,Group2,2025-06-27,21724,367,188.88,21,google,cpc,ecohome_solar,desktop
EcoHome_Solar,Group3,2025-06-27,23184,393,80.48,8,google,cpc,ecohome_solar,mobile
EcoHome_Heating,Group1,2025-06-27,5855,620,227.59,8,google,cpc,ecohome_heating,mobile
EcoHome_Heating,Group2,2025-06-27,9492,543,397.49,12,google,cpc,ecohome_heating,mobile
EcoHome_Heating,Group3,2025-06-27,16431,669,305.45,7,google,cpc,ecohome_heating,desktop
EcoHome_SmartHome,Group1,2025-06-27,14324,317,286.11,0,google,cpc,ecohome_smarthome,mobile
EcoHome_SmartHome,Group2,2025-06-27,5987,299,302.49,24,google,cpc,ecohome_smarthome,mobile
EcoHome_SmartHome,Group3,2025-06-27,18654,480,70.83,14,google,cpc,ecohome_smarthome,desktop
EcoHome_Solar,Group1,2025-07-04,18969,373,184.34,3,google,cpc,ecohome_solar,desktop
EcoHome_Solar,Group2,2025-07-04,6774,461,242.35,16,google,cpc,ecohome_solar,mobile
EcoHome_Solar,Group3,2025-07-04,21715,427,162.38,8,google,cpc,ecohome_solar,mobile
EcoHome_Heating,Group1,2025-07-04,10889,154,276.26,18,google,cpc,ecohome_heating,mobile
EcoHome_Heating,Group2,2025-07-04,14101,259,98.6,8,google,cpc,ecohome_heating,mobile
EcoHome_Heating,Group3,2025-07-04,12718,589,110.15,5,google,cpc,ecohome_heating,mobile
EcoHome_SmartHome,Group1,2025-07-04,16777,654,73.26,15,google,cpc,ecohome_smarthome,desktop
EcoHome_SmartHome,Group2,2025-07-04,11439,307,54.1,29,google,cpc,ecohome_smarthome,desktop
EcoHome_SmartHome,Group3,2025-07-04,23850,284,220.1,12,google,cpc,ecohome_smarthome,mobile
EcoHome_Solar,Group1,2025-07-11,10476,262,332.81,24,google,cpc,ecohome_solar,mobile
EcoHome_Solar,Group2,2025-07-11,22815,554,73.58,20,google,cpc,ecohome_solar,desktop
EcoHome_Solar,Group3,2025-07-11,22514,469,285.54,22,google,cpc,ecohome_solar,mobile
EcoHome_Heating,Group1,2025-07-11,9020,683,256.6,11,google,cpc,ecohome_heating,desktop
EcoHome_Heating,Group2,2025-07-11,6823,500,207.54,11,google,cpc,ecohome_heating,mobile
EcoHome_Heating,Group3,2025-07-11,8134,72,161.6,15,google,cpc,ecohome_heating,desktop
EcoHome_SmartHome,Group1,2025-07-11,15233,167,296.96,0,google,cpc,ecohome_smarthome,desktop
EcoHome_SmartHome,Group2,2025-07-11,17966,339,108.4,4,google,cpc,ecohome_smarthome,mobile
EcoHome_SmartHome,Group3,2025-07-11,8267,470,361.53,0,google,cpc,ecohome_smarthome,mobile
EcoHome_Solar,Group1,2025-07-18,16411,251,276.04,27,google,cpc,ecohome_solar,mobile
EcoHome_Solar,Group2,2025-07-18,16246,528,327.1,10,google,cpc,ecohome_solar,mobile
EcoHome_Solar,Group3,2025-07-18,16120,625,262.02,1,google,cpc,ecohome_solar,desktop
EcoHome_Heating,Group1,2025-07-18,20845,80,290.9,12,google,cpc,ecohome_heating,desktop
EcoHome_Heating,Group2,2025-07-18,11980,425,392.11,2,google,cpc,ecohome_heating,mobile
EcoHome_Heating,Group3,2025-07-18,9652,204,123.1,10,google,cpc,ecohome_heating,desktop
EcoHome_SmartHome,Group1,2025-07-18,21346,283,188.4,5,google,cpc,ecohome_smarthome,mobile
EcoHome_SmartHome,Group2,2025-07-18,22294,294,151.24,4,google,cpc,ecohome_smarthome,desktop
EcoHome_SmartHome,Group3,2025-07-18,23556,598,384.57,4,google,cpc,ecohome_smarthome,mobile
EcoHome_Solar,Group1,2025-07-25,5785,250,394.4,12,google,cpc,ecohome_solar,mobile
EcoHome_Solar,Group2,2025-07-25,19973,549,60.83,15,google,cpc,ecohome_solar,desktop
EcoHome_Solar,Group3,2025-07-25,17355,118,103.95,16,google,cpc,ecohome_solar,mobile
EcoHome_Heating,Group1,2025-07-25,15913,414,316.67,26,google,cpc,ecohome_heating,mobile
EcoHome_Heating,Group2,2025-07-25,22330,603,339.39,12,google,cpc,ecohome_heating,mobile
EcoHome_Heating,Group3,2025-07-25,9857,546,227.61,11,google,cpc,ecohome_heating,mobile
EcoHome_SmartHome,Group1,2025-07-25,13491,188,245.2,18,google,cpc,ecohome_smarthome,mobile
EcoHome_SmartHome,Group2,2025-07-25,6627,329,399.9,12,google,cpc,ecohome_smarthome,mobile
EcoHome_SmartHome,Group3,2025-07-25,18283,484,323.84,2,google,cpc,ecohome_smarthome,desktop
EcoHome_Solar,Group1,2025-08-01,7151,263,249.28,25,google,cpc,ecohome_solar,mobile
EcoHome_Solar,Group2,2025-08-01,17452,569,63.81,16,google,cpc,ecohome_solar,mobile
EcoHome_Solar,Group3,2025-08-01,15403,113,257.56,1,google,cpc,ecohome_solar,mobile
EcoHome_Heating,Group1,2025-08-01,6708,608,354.49,20,google,cpc,ecohome_heating,desktop
EcoHome_Heating,Group2,2025-08-01,21859,566,327.97,19,google,cpc,ecohome_heating,mobile
EcoHome_Heating,Group3,2025-08-01,5557,573,389.36,18,google,cpc,ecohome_heating,mobile
EcoHome_SmartHome,Group1,2025-08-01,9761,353,82.79,19,google,cpc,ecohome_smarthome,desktop
EcoHome_SmartHome,Group2,2025-08-01,17869,277,150.02,0,google,cpc,ecohome_smarthome,desktop
EcoHome_SmartHome,Group3,2025-08-01,18527,456,185.29,10,google,cpc,ecohome_smarthome,desktop
EcoHome_Solar,Group1,2025-08-08,7808,548,252.05,18,google,cpc,ecohome_solar,mobile
EcoHome_Solar,Group2,2025-08-08,20309,131,205.21,14,google,cpc,ecohome_solar,mobile
EcoHome_Solar,Group3,2025-08-08,24203,414,216.77,8,google,cpc,ecohome_solar,desktop
EcoHome_Heating,Group1,2025-08-08,21499,386,346.44,7,google,cpc,ecohome_heating,mobile
EcoHome_Heating,Group2,2025-08-08,12742,372,206.91,12,google,cpc,ecohome_heating,mobile
EcoHome_Heating,Group3,2025-08-08,23108,336,306.91,17,google,cpc,ecohome_heating,desktop
EcoHome_SmartHome,Group1,2025-08-08,8420,615,234.53,29,google,cpc,ecohome_smarthome,mobile
EcoHome_SmartHome,Group2,2025-08-08,23383,253,331.55,23,google,cpc,ecohome_smarthome,mobile
EcoHome_SmartHome,Group3,2025-08-08,22079,335,385.11,14,google,cpc,ecohome_smarthome,mobile
EcoHome_Solar,Group1,2025-08-15,17306,419,286.89,16,google,cpc,ecohome_solar,desktop
EcoHome_Solar,Group2,2025-08-15,16590,591,55.01,0,google,cpc,ecohome_solar,desktop
EcoHome_Solar,Group3,2025-08-15,5024,598,309.17,4,google,cpc,ecohome_solar,mobile
EcoHome_Heating,Group1,2025-08-15,14959,697,319.12,8,google,cpc,ecohome_heating,mobile
EcoHome_Heating,Group2,2025-08-15,13448,596,264.76,7,google,cpc,ecohome_heating,mobile
EcoHome_Heating,Group3,2025-08-15,16528,433,290.59,5,google,cpc,ecohome_heating,mobile
EcoHome_SmartHome,Group1,2025-08-15,24810,633,88.85,27,google,cpc,ecohome_smarthome,mobile
EcoHome_SmartHome,Group2,2025-08-15,16948,339,52.13,18,google,cpc,ecohome_smarthome,mobile
EcoHome_SmartHome,Group3,2025-08-15,13549,577,288.61,16,google,cpc,ecohome_smarthome,mobile
EcoHome_Solar,Group1,2025-08-22,17449,429,297.48,27,google,cpc,ecohome_solar,desktop
EcoHome_Solar,Group2,2025-08-22,17737,523,191.01,14,google,cpc,ecohome_solar,mobile
EcoHome_Solar,Group3,2025-08-22,7555,339,148.35,7,google,cpc,ecohome_solar,mobile
EcoHome_Heating,Group1,2025-08-22,9727,616,367.14,28,google,cpc,ecohome_heating,mobile
EcoHome_Heating,Group2,2025-08-22,22972,370,242.14,29,google,cpc,ecohome_heating,mobile
EcoHome_Heating,Group3,2025-08-22,7828,582,125.12,18,google,cpc,ecohome_heating,mobile
EcoHome_SmartHome,Group1,2025-08-22,20061,80,361.03,22,google,cpc,ecohome_smarthome,desktop
EcoHome_SmartHome,Group2,2025-08-22,10565,123,255.05,7,google,cpc,ecohome_smarthome,desktop
EcoHome_SmartHome,Group3,2025-08-22,5159,63,212.11,13,google,cpc,ecohome_smarthome,desktop
EcoHome_Solar,Group1,2025-08-29,13244,457,151.49,29,google,cpc,ecohome_solar,mobile
EcoHome_Solar,Group2,2025-08-29,23691,254,370.88,7,google,cpc,ecohome_solar,desktop
EcoHome_Solar,Group3,2025-08-29,14227,680,105.52,1,google,cpc,ecohome_solar,desktop
EcoHome_Heating,Group1,2025-08-29,12927,403,302.6,8,google,cpc,ecohome_heating,desktop
EcoHome_Heating,Group2,2025-08-29,20920,640,85.96,16,google,cpc,ecohome_heating,desktop
EcoHome_Heating,Group3,2025-08-29,23268,203,300.26,21,google,cpc,ecohome_heating,desktop
EcoHome_SmartHome,Group1,2025-08-29,19087,439,136.39,24,google,cpc,ecohome_smarthome,desktop
EcoHome_SmartHome,Group2,2025-08-29,10276,682,176.08,18,google,cpc,ecohome_smarthome,mobile
EcoHome_SmartHome,Group3,2025-08-29,10793,477,250.13,17,google,cpc,ecohome_smarthome,mobile
EcoHome_Solar,Group1,2025-09-05,15380,132,368.48,15,google,cpc,ecohome_solar,desktop
EcoHome_Solar,Group2,2025-09-05,16684,450,290.46,25,google,cpc,ecohome_solar,mobile
EcoHome_Solar,Group3,2025-09-05,17091,681,286.55,14,google,cpc,ecohome_solar,mobile
EcoHome_Heating,Group1,2025-09-05,17180,284,283.23,0,google,cpc,ecohome_heating,desktop
EcoHome_Heating,Group2,2025-09-05,5522,501,295.89,29,google,cpc,ecohome_heating,mobile
EcoHome_Heating,Group3,2025-09-05,17820,342,66.87,4,google,cpc,ecohome_heating,desktop
EcoHome_SmartHome,Group1,2025-09-05,20206,589,353.04,2,google,cpc,ecohome_smarthome,mobile
EcoHome_SmartHome,Group2,2025-09-05,6519,276,179.43,27,google,cpc,ecohome_smarthome,mobile
EcoHome_SmartHome,Group3,2025-09-05,18324,259,243.22,3,google,cpc,ecohome_smarthome,mobile
EcoHome_Solar,Group1,2025-09-12,20233,577,179.91,5,google,cpc,ecohome_solar,mobile
EcoHome_Solar,Group2,2025-09-12,7005,149,287.23,12,google,cpc,ecohome_solar,mobile
EcoHome_Solar,Group3,2025-09-12,23135,312,94.0,2,google,cpc,ecohome_solar,desktop
EcoHome_Heating,Group1,2025-09-12,21363,198,288.77,21,google,cpc,ecohome_heating,desktop
EcoHome_Heating,Group2,2025-09-12,13547,582,150.59,2,google,cpc,ecohome_heating,mobile
EcoHome_Heating,Group3,2025-09-12,12480,98,89.03,9,google,cpc,ecohome_heating,mobile
EcoHome_SmartHome,Group1,2025-09-12,7100,635,55.14,4,google,cpc,ecohome_smarthome,desktop
EcoHome_SmartHome,Group2,2025-09-12,23199,447,194.77,24,google,cpc,ecohome_smarthome,mobile
EcoHome_SmartHome,Group3,2025-09-12,7158,663,235.83,21,google,cpc,ecohome_smarthome,desktop
EcoHome_Solar,Group1,2025-09-19,17828,220,357.18,25,google,cpc,ecohome_solar,desktop
EcoHome_Solar,Group2,2025-09-19,20193,279,316.81,22,google,cpc,ecohome_solar,desktop
EcoHome_Solar,Group3,2025-09-19,16023,514,232.45,25,google,cpc,ecohome_solar,desktop
EcoHome_Heating,Group1,2025-09-19,8866,551,55.93,26,google,cpc,ecohome_heating,mobile
EcoHome_Heating,Group2,2025-09-19,21093,470,142.95,20,google,cpc,ecohome_heating,mobile
EcoHome_Heating,Group3,2025-09-19,13224,104,231.29,19,google,cpc,ecohome_heating,mobile
EcoHome_SmartHome,Group1,2025-09-19,11155,577,248.83,20,google,cpc,ecohome_smarthome,desktop
EcoHome_SmartHome,Group2,2025-09-19,22356,696,357.74,18,google,cpc,ecohome_smarthome,mobile
EcoHome_SmartHome,Group3,2025-09-19,23591,380,340.42,22,google,cpc,ecohome_smarthome,mobile
EcoHome_Solar,Group1,2025-09-26,18767,94,189.3,3,google,cpc,ecohome_solar,desktop
EcoHome_Solar,Group2,2025-09-26,13680,206,136.31,27,google,cpc,ecohome_solar,mobile
EcoHome_Solar,Group3,2025-09-26,6102,173,215.83,25,google,cpc,ecohome_solar,desktop
EcoHome_Heating,Group1,2025-09-26,18913,153,379.95,4,google,cpc,ecohome_heating,desktop
EcoHome_Heating,Group2,2025-09-26,15847,483,275.61,27,google,cpc,ecohome_heating,desktop
EcoHome_Heating,Group3,2025-09-26,21616,578,128.88,11,google,cpc,ecohome_heating,mobile
EcoHome_SmartHome,Group1,2025-09-26,15601,490,267.84,9,google,cpc,ecohome_smarthome,mobile
EcoHome_SmartHome,Group2,2025-09-26,13652,505,272.58,14,google,cpc,ecohome_smarthome,mobile
EcoHome_SmartHome,Group3,2025-09-26,24867,540,333.45,14,google,cpc,ecohome_smarthome,desktop
EcoHome_Solar,Group1,2025-10-03,5215,487,214.5,14,google,cpc,ecohome_solar,mobile
EcoHome_Solar,Group2,2025-10-03,19824,291,291.53,17,google,cpc,ecohome_solar,mobile
EcoHome_Solar,Group3,2025-10-03,10939,410,206.69,21,google,cpc,ecohome_solar,mobile
EcoHome_Heating,Group1,2025-10-03,16185,471,235.38,14,google,cpc,ecohome_heating,desktop
EcoHome_Heating,Group2,2025-10-03,8644,171,287.87,4,google,cpc,ecohome_heating,desktop
EcoHome_Heating,Group3,2025-10-03,16837,647,316.3,13,google,cpc,ecohome_heating,desktop
EcoHome_SmartHome,Group1,2025-10-03,15541,272,65.36,29,google,cpc,ecohome_smarthome,desktop
EcoHome_SmartHome,Group2,2025-10-03,6116,569,123.21,10,google,cpc,ecohome_smarthome,desktop
EcoHome_SmartHome,Group3,2025-10-03,11474,382,234.53,27,google,cpc,ecohome_smarthome,desktop
EcoHome_Solar,Group1,2025-10-10,14797,321,272.79,27,google,cpc,ecohome_solar,desktop
EcoHome_Solar,Group2,2025-10-10,24127,139,232.89,11,google,cpc,ecohome_solar,mobile
EcoHome_Solar,Group3,2025-10-10,13548,650,371.79,22,google,cpc,ecohome_solar,mobile
EcoHome_Heating,Group1,2025-10-10,5619,620,174.26,16,google,cpc,ecohome_heating,mobile
EcoHome_Heating,Group2,2025-10-10,19122,294,383.51,1,google,cpc,ecohome_heating,mobile
EcoHome_Heating,Group3,2025-10-10,13711,190,348.98,29,google,cpc,ecohome_heating,desktop
EcoHome_SmartHome,Group1,2025-10-10,15211,544,131.21,10,google,cpc,ecohome_smarthome,mobile
EcoHome_SmartHome,Group2,2025-10-10,17474,645,247.78,21,google,cpc,ecohome_smarthome,mobile
EcoHome_SmartHome,Group3,2025-10-10,13277,93,54.24,9,google,cpc,ecohome_smarthome,desktop
EcoHome_Solar,Group1,2025-10-17,23020,561,243.2,10,google,cpc,ecohome_solar,mobile
EcoHome_Solar,Group2,2025-10-17,23601,371,230.14,15,google,cpc,ecohome_solar,mobile
EcoHome_Solar,Group3,2025-10-17,20514,398,218.31,12,google,cpc,ecohome_solar,mobile
EcoHome_Heating,Group1,2025-10-17,17297,314,103.83,22,google,cpc,ecohome_heating,mobile
EcoHome_Heating,Group2,2025-10-17,7176,650,316.35,16,google,cpc,ecohome_heating,mobile
EcoHome_Heating,Group3,2025-10-17,14171,453,313.99,2,google,cpc,ecohome_heating,mobile
EcoHome_SmartHome,Group1,2025-10-17,8696,408,251.99,13,google,cpc,ecohome_smarthome,mobile
EcoHome_SmartHome,Group2,2025-10-17,17972,165,185.21,20,google,cpc,ecohome_smarthome,mobile
EcoHome_SmartHome,Group3,2025-10-17,6105,373,346.55,0,google,cpc,ecohome_smarthome,desktop
EcoHome_Solar,Group1,2025-10-24,19188,453,85.63,9,google,cpc,ecohome_solar,mobile
EcoHome_Solar,Group2,2025-10-24,14256,154,130.04,0,google,cpc,ecohome_solar,mobile
EcoHome_Solar,Group3,2025-10-24,15593,629,253.57,10,google,cpc,ecohome_solar,desktop
EcoHome_Heating,Group1,2025-10-24,18234,148,164.22,18,google,cpc,ecohome_heating,mobile
EcoHome_Heating,Group2,2025-10-24,6132,248,362.93,6,google,cpc,ecohome_heating,desktop
EcoHome_Heating,Group3,2025-10-24,17839,694,196.81,3,google,cpc,ecohome_heating,mobile
EcoHome_SmartHome,Group1,2025-10-24,14065,133,224.14,19,google,cpc,ecohome_smarthome,mobile
EcoHome_SmartHome,Group2,2025-10-24,11696,417,166.05,6,google,cpc,ecohome_smarthome,desktop
EcoHome_SmartHome,Group3,2025-10-24,16757,554,177.52,25,google,cpc,ecohome_smarthome,mobile
EcoHome_Solar,Group1,2025-10-31,17258,470,211.0,14,google,cpc,ecohome_solar,desktop
EcoHome_Solar,Group2,2025-10-31,16546,89,66.67,3,google,cpc,ecohome_solar,desktop
EcoHome_Solar,Group3,2025-10-31,19300,585,173.41,3,google,cpc,ecohome_solar,mobile
EcoHome_Heating,Group1,2025-10-31,21673,482,238.68,23,google,cpc,ecohome_heating,desktop
EcoHome_Heating,Group2,2025-10-31,21662,630,187.14,20,google,cpc,ecohome_heating,desktop
EcoHome_Heating,Group3,2025-10-31,9776,558,195.8,21,google,cpc,ecohome_heating,desktop
EcoHome_SmartHome,Group1,2025-10-31,6380,699,120.2,6,google,cpc,ecohome_smarthome,desktop
EcoHome_SmartHome,Group2,2025-10-31,24540,366,203.12,18,google,cpc,ecohome_smarthome,desktop
EcoHome_SmartHome,Group3,2025-10-31,15179,87,306.1,3,google,cpc,ecohome_smarthome,mobile
EcoHome_Solar,Group1,2025-11-07,24624,392,263.37,29,google,cpc,ecohome_solar,desktop
EcoHome_Solar,Group2,2025-11-07,18156,586,138.48,18,google,cpc,ecohome_solar,desktop
EcoHome_Solar,Group3,2025-11-07,8450,96,332.34,6,google,cpc,ecohome_solar,desktop
EcoHome_Heating,Group1,2025-11-07,10141,262,239.86,7,google,cpc,ecohome_heating,mobile
EcoHome_Heating,Group2,2025-11-07,16834,251,57.23,1,google,cpc,ecohome_heating,mobile
EcoHome_Heating,Group3,2025-11-07,17541,570,144.1,9,google,cpc,ecohome_heating,desktop
EcoHome_SmartHome,Group1,2025-11-07,7832,609,153.8,24,google,cpc,ecohome_smarthome,mobile
EcoHome_SmartHome,Group2,2025-11-07,16156,151,323.26,24,google,cpc,ecohome_smarthome,mobile
EcoHome_SmartHome,Group3,2025-11-07,17067,130,376.52,23,google,cpc,ecohome_smarthome,desktop
EcoHome_Solar,Group1,2025-11-14,12263,472,211.6,0,google,cpc,ecohome_solar,mobile
EcoHome_Solar,Group2,2025-11-14,5406,427,305.14,29,google,cpc,ecohome_solar,mobile
EcoHome_Solar,Group3,2025-11-14,8664,467,332.47,28,google,cpc,ecohome_solar,mobile
EcoHome_Heating,Group1,2025-11-14,9357,389,392.48,2,google,cpc,ecohome_heating,mobile
EcoHome_Heating,Group2,2025-11-14,13752,125,284.87,12,google,cpc,ecohome_heating,mobile
EcoHome_Heating,Group3,2025-11-14,9287,114,159.19,25,google,cpc,ecohome_heating,mobile
EcoHome_SmartHome,Group1,2025-11-14,24555,593,185.53,3,google,cpc,ecohome_smarthome,desktop
EcoHome_SmartHome,Group2,2025-11-14,13560,92,343.65,7,google,cpc,ecohome_smarthome,desktop
EcoHome_SmartHome,Group3,2025-11-14,16065,319,345.15,22,google,cpc,ecohome_smarthome,desktop
EcoHome_Solar,Group1,2025-11-21,24356,217,68.08,0,google,cpc,ecohome_solar,mobile
EcoHome_Solar,Group2,2025-11-21,11426,385,351.92,12,google,cpc,ecohome_solar,desktop
EcoHome_Solar,Group3,2025-11-21,6855,532,383.36,15,google,cpc,ecohome_solar,mobile
EcoHome_Heating,Group1,2025-11-21,6481,138,105.05,3,google,cpc,ecohome_heating,desktop
EcoHome_Heating,Group2,2025-11-21,24477,362,328.84,6,google,cpc,ecohome_heating,desktop
EcoHome_Heating,Group3,2025-11-21,21311,424,250.11,15,google,cpc,ecohome_heating,mobile
EcoHome_SmartHome,Group1,2025-11-21,16442,259,136.63,7,google,cpc,ecohome_smarthome,desktop
EcoHome_SmartHome,Group2,2025-11-21,13160,162,56.93,20,google,cpc,ecohome_smarthome,mobile
EcoHome_SmartHome,Group3,2025-11-21,21523,450,377.25,4,google,cpc,ecohome_smarthome,mobile
EcoHome_Solar,Group1,2025-11-28,11043,118,73.92,26,google,cpc,ecohome_solar,mobile
EcoHome_Solar,Group2,2025-11-28,21433,538,289.91,4,google,cpc,ecohome_solar,mobile
EcoHome_Solar,Group3,2025-11-28,17253,608,183.5,0,google,cpc,ecohome_solar,mobile
EcoHome_Heating,Group1,2025-11-28,18395,440,271.3,13,google,cpc,ecohome_heating,mobile
EcoHome_Heating,Group2,2025-11-28,10941,526,85.48,28,google,cpc,ecohome_heating,desktop
EcoHome_Heating,Group3,2025-11-28,20166,410,393.13,25,google,cpc,ecohome_heating,desktop
EcoHome_SmartHome,Group1,2025-11-28,10788,251,112.78,5,google,cpc,ecohome_smarthome,desktop
EcoHome_SmartHome,Group2,2025-11-28,6988,131,296.59,8,google,cpc,ecohome_smarthome,mobile
EcoHome_SmartHome,Group3,2025-11-28,12162,436,121.87,24,google,cpc,ecohome_smarthome,mobile
EcoHome_Solar,Group1,2025-12-05,13399,563,150.61,9,google,cpc,ecohome_solar,desktop
EcoHome_Solar,Group2,2025-12-05,9117,203,261.27,6,google,cpc,ecohome_solar,mobile
EcoHome_Solar,Group3,2025-12-05,6518,279,73.92,8,google,cpc,ecohome_solar,desktop
EcoHome_Heating,Group1,2025-12-05,23579,157,210.31,2,google,cpc,ecohome_heating,mobile
EcoHome_Heating,Group2,2025-12-05,21193,463,274.57,21,google,cpc,ecohome_heating,mobile
EcoHome_Heating,Group3,2025-12-05,6742,332,286.61,0,google,cpc,ecohome_heating,desktop
EcoHome_SmartHome,Group1,2025-12-05,18032,492,144.88,27,google,cpc,ecohome_smarthome,desktop
EcoHome_SmartHome,Group2,2025-12-05,12619,114,90.97,24,google,cpc,ecohome_smarthome,desktop
EcoHome_SmartHome,Group3,2025-12-05,20438,364,307.79,15,google,cpc,ecohome_smarthome,mobile
EcoHome_Solar,Group1,2025-12-12,20226,297,255.66,1,google,cpc,ecohome_solar,desktop
EcoHome_Solar,Group2,2025-12-12,13475,498,55.39,3,google,cpc,ecohome_solar,mobile
EcoHome_Solar,Group3,2025-12-12,22200,186,207.59,0,google,cpc,ecohome_solar,desktop
EcoHome_Heating,Group1,2025-12-12,16683,122,343.93,9,google,cpc,ecohome_heating,desktop
EcoHome_Heating,Group2,2025-12-12,13367,215,85.66,17,google,cpc,ecohome_heating,mobile
EcoHome_Heating,Group3,2025-12-12,23485,468,361.52,20,google,cpc,ecohome_heating,mobile
EcoHome_SmartHome,Group1,2025-12-12,8676,428,303.21,25,google,cpc,ecohome_smarthome,mobile
EcoHome_SmartHome,Group2,2025-12-12,5859,92,273.19,9,google,cpc,ecohome_smarthome,desktop
EcoHome_SmartHome,Group3,2025-12-12,15451,542,81.99,16,google,cpc,ecohome_smarthome,mobile
EcoHome_Solar,Group1,2025-12-19,6134,529,369.03,0,google,cpc,ecohome_solar,mobile
EcoHome_Solar,Group2,2025-12-19,9164,348,136.65,7,google,cpc,ecohome_solar,mobile
EcoHome_Solar,Group3,2025-12-19,13252,363,258.98,15,google,cpc,ecohome_solar,desktop
EcoHome_Heating,Group1,2025-12-19,6629,353,166.56,17,google,cpc,ecohome_heating,desktop
EcoHome_Heating,Group2,2025-12-19,9370,213,376.45,12,google,cpc,ecohome_heating,desktop
EcoHome_Heating,Group3,2025-12-19,16949,436,265.87,0,google,cpc,ecohome_heating,mobile
EcoHome_SmartHome,Group1,2025-12-19,15103,652,232.51,18,google,cpc,ecohome_smarthome,desktop
EcoHome_SmartHome,Group2,2025-12-19,21873,122,122.18,10,google,cpc,ecohome_smarthome,mobile
EcoHome_SmartHome,Group3,2025-12-19,21678,418,352.82,0,google,cpc,ecohome_smarthome,desktop
EcoHome_Solar,Group1,2025-12-26,23257,617,325.58,1,google,cpc,ecohome_solar,mobile
EcoHome_Solar,Group2,2025-12-26,9458,172,296.91,25,google,cpc,ecohome_solar,desktop
EcoHome_Solar,Group3,2025-12-26,15659,675,277.26,4,google,cpc,ecohome_solar,mobile
EcoHome_Heating,Group1,2025-12-26,19427,579,338.66,21,google,cpc,ecohome_heating,desktop
EcoHome_Heating,Group2,2025-12-26,18450,234,120.38,21,google,cpc,ecohome_heating,desktop
EcoHome_Heating,Group3,2025-12-26,13326,622,214.33,23,google,cpc,ecohome_heating,desktop
EcoHome_SmartHome,Group1,2025-12-26,8278,178,317.55,13,google,cpc,ecohome_smarthome,desktop
EcoHome_SmartHome,Group2,2025-12-26,13312,434,373.41,20,google,cpc,ecohome_smarthome,desktop
EcoHome_SmartHome,Group3,2025-12-26,22028,70,311.37,2,google,cpc,ecohome_smarthome,mobile
EcoHome_Solar,Group1,2026-01-02,19638,645,206.17,3,google,cpc,ecohome_solar,mobile
EcoHome_Solar,Group2,2026-01-02,5195,189,137.48,23,google,cpc,ecohome_solar,desktop
EcoHome_Solar,Group3,2026-01-02,8606,326,309.89,25,google,cpc,ecohome_solar,desktop
EcoHome_Heating,Group1,2026-01-02,8927,202,339.84,13,google,cpc,ecohome_heating,desktop
EcoHome_Heating,Group2,2026-01-02,17127,438,164.36,9,google,cpc,ecohome_heating,mobile
EcoHome_Heating,Group3,2026-01-02,20721,363,379.39,0,google,cpc,ecohome_heating,mobile
EcoHome_SmartHome,Group1,2026-01-02,11972,186,77.17,12,google,cpc,ecohome_smarthome,mobile
EcoHome_SmartHome,Group2,2026-01-02,5661,474,350.59,9,google,cpc,ecohome_smarthome,mobile
EcoHome_SmartHome,Group3,2026-01-02,15704,125,350.57,2,google,cpc,ecohome_smarthome,desktop
EcoHome_Solar,Group1,2026-01-09,11968,506,106.13,4,google,cpc,ecohome_solar,mobile
EcoHome_Solar,Group2,2026-01-09,7700,607,184.68,15,google,cpc,ecohome_solar,mobile
EcoHome_Solar,Group3,2026-01-09,10520,296,50.7,1,google,cpc,ecohome_solar,mobile
EcoHome_Heating,Group1,2026-01-09,13837,669,230.23,21,google,cpc,ecohome_heating,desktop
EcoHome_Heating,Group2,2026-01-09,13912,687,108.01,9,google,cpc,ecohome_heating,mobile
EcoHome_Heating,Group3,2026-01-09,6673,164,127.83,8,google,cpc,ecohome_heating,desktop
EcoHome_SmartHome,Group1,2026-01-09,16803,60,135.87,22,google,cpc,ecohome_smarthome,mobile
EcoHome_SmartHome,Group2,2026-01-09,20093,176,131.97,14,google,cpc,ecohome_smarthome,desktop
EcoHome_SmartHome,Group3,2026-01-09,9507,633,395.19,8,google,cpc,ecohome_smarthome,mobile
EcoHome_Solar,Group1,2026-01-16,24744,530,239.32,9,google,cpc,ecohome_solar,desktop
EcoHome_Solar,Group2,2026-01-16,10097,498,121.28,1,google,cpc,ecohome_solar,mobile
EcoHome_Solar,Group3,2026-01-16,9236,142,236.38,12,google,cpc,ecohome_solar,desktop
EcoHome_Heating,Group1,2026-01-16,10552,294,91.02,28,google,cpc,ecohome_heating,mobile
EcoHome_Heating,Group2,2026-01-16,24071,331,229.3,12,google,cpc,ecohome_heating,mobile
EcoHome_Heating,Group3,2026-01-16,20810,56,320.55,6,google,cpc,ecohome_heating,mobile
EcoHome_SmartHome,Group1,2026-01-16,5192,623,327.47,24,google,cpc,ecohome_smarthome,mobile
EcoHome_SmartHome,Group2,2026-01-16,23172,436,246.24,20,google,cpc,ecohome_smarthome,mobile
EcoHome_SmartHome,Group3,2026-01-16,15655,429,358.55,21,google,cpc,ecohome_smarthome,desktop
EcoHome_Solar,Group1,2026-01-23,14288,681,313.42,28,google,cpc,ecohome_solar,mobile
EcoHome_Solar,Group2,2026-01-23,14813,385,121.2,11,google,cpc,ecohome_solar,mobile
EcoHome_Solar,Group3,2026-01-23,11773,248,207.95,18,google,cpc,ecohome_solar,mobile
EcoHome_Heating,Group1,2026-01-23,10057,478,219.52,10,google,cpc,ecohome_heating,mobile
EcoHome_Heating,Group2,2026-01-23,16181,591,276.72,17,google,cpc,ecohome_heating,mobile
EcoHome_Heating,Group3,2026-01-23,23991,243,73.44,21,google,cpc,ecohome_heating,desktop
EcoHome_SmartHome,Group1,2026-01-23,7763,234,310.08,14,google,cpc,ecohome_smarthome,desktop
EcoHome_SmartHome,Group2,2026-01-23,16064,98,75.94,1,google,cpc,ecohome_smarthome,mobile
EcoHome_SmartHome,Group3,2026-01-23,23988,384,131.04,28,google,cpc,ecohome_smarthome,mobile
EcoHome_Solar,Group1,2026-01-30,16996,372,127.04,21,google,cpc,ecohome_solar,desktop
EcoHome_Solar,Group2,2026-01-30,17327,108,297.32,3,google,cpc,ecohome_solar,mobile
EcoHome_Solar,Group3,2026-01-30,7890,171,172.48,26,google,cpc,ecohome_solar,desktop
EcoHome_Heating,Group1,2026-01-30,8306,111,344.81,8,google,cpc,ecohome_heating,desktop
EcoHome_Heating,Group2,2026-01-30,5670,173,83.38,23,google,cpc,ecohome_heating,mobile
EcoHome_Heating,Group3,2026-01-30,20768,185,199.12,25,google,cpc,ecohome_heating,mobile
EcoHome_SmartHome,Group1,2026-01-30,8439,478,172.57,25,google,cpc,ecohome_smarthome,desktop
EcoHome_SmartHome,Group2,2026-01-30,16618,534,122.53,11,google,cpc,ecohome_smarthome,mobile
EcoHome_SmartHome,Group3,2026-01-30,7618,632,281.87,27,google,cpc,ecohome_smarthome,desktop
EcoHome_Solar,Group1,2026-02-06,7972,491,367.88,22,google,cpc,ecohome_solar,mobile
EcoHome_Solar,Group2,2026-02-06,16138,625,321.01,9,google,cpc,ecohome_solar,mobile
EcoHome_Solar,Group3,2026-02-06,24275,494,300.74,21,google,cpc,ecohome_solar,desktop
EcoHome_Heating,Group1,2026-02-06,21999,108,114.88,12,google,cpc,ecohome_heating,mobile
EcoHome_Heating,Group2,2026-02-06,15625,655,354.02,9,google,cpc,ecohome_heating,desktop
EcoHome_Heating,Group3,2026-02-06,17682,256,245.27,25,google,cpc,ecohome_heating,desktop
EcoHome_SmartHome,Group1,2026-02-06,11539,420,337.64,17,google,cpc,ecohome_smarthome,desktop
EcoHome_SmartHome,Group2,2026-02-06,18680,433,242.27,24,google,cpc,ecohome_smarthome,mobile
EcoHome_SmartHome,Group3,2026-02-06,24109,271,128.76,29,google,cpc,ecohome_smarthome,mobile
EcoHome_Solar,Group1,2026-02-13,9251,427,147.46,26,google,cpc,ecohome_solar,desktop
EcoHome_Solar,Group2,2026-02-13,12957,635,281.69,14,google,cpc,ecohome_solar,mobile
EcoHome_Solar,Group3,2026-02-13,15627,529,316.3,5,google,cpc,ecohome_solar,desktop
EcoHome_Heating,Group1,2026-02-13,21377,389,178.92,27,google,cpc,ecohome_heating,desktop
EcoHome_Heating,Group2,2026-02-13,8748,624,142.4,28,google,cpc,ecohome_heating,mobile
EcoHome_Heating,Group3,2026-02-13,21034,640,245.07,23,google,cpc,ecohome_heating,desktop
EcoHome_SmartHome,Group1,2026-02-13,5689,266,364.27,26,google,cpc,ecohome_smarthome,desktop
EcoHome_SmartHome,Group2,2026-02-13,21103,504,398.66,5,google,cpc,ecohome_smarthome,desktop
EcoHome_SmartHome,Group3,2026-02-13,20623,380,334.45,28,google,cpc,ecohome_smarthome,desktop
EcoHome_Solar,Group1,2026-02-20,10669,76,399.61,10,google,cpc,ecohome_solar,mobile
EcoHome_Solar,Group2,2026-02-20,14306,529,285.99,2,google,cpc,ecohome_solar,mobile
EcoHome_Solar,Group3,2026-02-20,18986,400,64.12,28,google,cpc,ecohome_solar,mobile
EcoHome_Heating,Group1,2026-02-20,7850,508,176.15,18,google,cpc,ecohome_heating,desktop
EcoHome_Heating,Group2,2026-02-20,19282,557,279.02,2,google,cpc,ecohome_heating,desktop
EcoHome_Heating,Group3,2026-02-20,5165,464,317.52,17,google,cpc,ecohome_heating,mobile
EcoHome_SmartHome,Group1,2026-02-20,22375,405,63.63,14,google,cpc,ecohome_smarthome,desktop
EcoHome_SmartHome,Group2,2026-02-20,22642,491,247.19,15,google,cpc,ecohome_smarthome,mobile
EcoHome_SmartHome,Group3,2026-02-20,15776,117,396.74,18,google,cpc,ecohome_smarthome,mobile
EcoHome_Solar,Group1,2026-02-27,8521,123,98.45,24,google,cpc,ecohome_solar,desktop
EcoHome_Solar,Group2,2026-02-27,20407,260,353.94,10,google,cpc,ecohome_solar,desktop
EcoHome_Solar,Group3,2026-02-27,18281,589,234.69,26,google,cpc,ecohome_solar,mobile
EcoHome_Heating,Group1,2026-02-27,16826,611,277.33,16,google,cpc,ecohome_heating,desktop
EcoHome_Heating,Group2,2026-02-27,24923,63,68.67,10,google,cpc,ecohome_heating,mobile
EcoHome_Heating,Group3,2026-02-27,24345,204,287.14,17,google,cpc,ecohome_heating,desktop
EcoHome_SmartHome,Group1,2026-02-27,19806,124,108.57,4,google,cpc,ecohome_smarthome,mobile
EcoHome_SmartHome,Group2,2026-02-27,22832,620,294.0,8,google,cpc,ecohome_smarthome,desktop
EcoHome_SmartHome,Group3,2026-02-27,23889,113,333.59,0,google,cpc,ecohome_smarthome,mobile
